batches_per_epoch,epoch,full_train_acc,full_train_loss,fwd_time_in_epoch,learning_rate,len_train_ds,len_val_ds,paramnorm_transformer.decoder.blocks.0.ffn.ffn.0.weight,paramnorm_transformer.decoder.blocks.0.ffn.ffn.2.weight,paramnorm_transformer.decoder.blocks.0.ffn_norm.bias,paramnorm_transformer.decoder.blocks.0.ffn_norm.weight,paramnorm_transformer.decoder.blocks.0.self_attn.Wo.weight,paramnorm_transformer.decoder.blocks.0.self_attn.attn_heads.0.Wk.weight,paramnorm_transformer.decoder.blocks.0.self_attn.attn_heads.0.Wq.weight,paramnorm_transformer.decoder.blocks.0.self_attn.attn_heads.0.Wv.weight,paramnorm_transformer.decoder.blocks.0.self_attn.attn_heads.1.Wk.weight,paramnorm_transformer.decoder.blocks.0.self_attn.attn_heads.1.Wq.weight,paramnorm_transformer.decoder.blocks.0.self_attn.attn_heads.1.Wv.weight,paramnorm_transformer.decoder.blocks.0.self_attn.attn_heads.2.Wk.weight,paramnorm_transformer.decoder.blocks.0.self_attn.attn_heads.2.Wq.weight,paramnorm_transformer.decoder.blocks.0.self_attn.attn_heads.2.Wv.weight,paramnorm_transformer.decoder.blocks.0.self_attn.attn_heads.3.Wk.weight,paramnorm_transformer.decoder.blocks.0.self_attn.attn_heads.3.Wq.weight,paramnorm_transformer.decoder.blocks.0.self_attn.attn_heads.3.Wv.weight,paramnorm_transformer.decoder.blocks.0.self_attn_norm.bias,paramnorm_transformer.decoder.blocks.0.self_attn_norm.weight,paramnorm_transformer.decoder.blocks.1.ffn.ffn.0.weight,paramnorm_transformer.decoder.blocks.1.ffn.ffn.2.weight,paramnorm_transformer.decoder.blocks.1.ffn_norm.bias,paramnorm_transformer.decoder.blocks.1.ffn_norm.weight,paramnorm_transformer.decoder.blocks.1.self_attn.Wo.weight,paramnorm_transformer.decoder.blocks.1.self_attn.attn_heads.0.Wk.weight,paramnorm_transformer.decoder.blocks.1.self_attn.attn_heads.0.Wq.weight,paramnorm_transformer.decoder.blocks.1.self_attn.attn_heads.0.Wv.weight,paramnorm_transformer.decoder.blocks.1.self_attn.attn_heads.1.Wk.weight,paramnorm_transformer.decoder.blocks.1.self_attn.attn_heads.1.Wq.weight,paramnorm_transformer.decoder.blocks.1.self_attn.attn_heads.1.Wv.weight,paramnorm_transformer.decoder.blocks.1.self_attn.attn_heads.2.Wk.weight,paramnorm_transformer.decoder.blocks.1.self_attn.attn_heads.2.Wq.weight,paramnorm_transformer.decoder.blocks.1.self_attn.attn_heads.2.Wv.weight,paramnorm_transformer.decoder.blocks.1.self_attn.attn_heads.3.Wk.weight,paramnorm_transformer.decoder.blocks.1.self_attn.attn_heads.3.Wq.weight,paramnorm_transformer.decoder.blocks.1.self_attn.attn_heads.3.Wv.weight,paramnorm_transformer.decoder.blocks.1.self_attn_norm.bias,paramnorm_transformer.decoder.blocks.1.self_attn_norm.weight,paramnorm_transformer.embedding.weight,paramnorm_transformer.linear.weight,step,time_per_epoch,train_accuracy,train_loss,train_perplexity,val_accuracy,val_loss,val_perplexity
166.0,0,,,0.4784848690032959,0.0,84964.0,838557.0,,,,,,,,,,,,,,,,,,,,,,,,,,,,,,,,,,,,,,,,,165,6.661246299743652,3.1789937019348145,3.56850266456604,35.46345138549805,,,
,2,3.17781662940979,3.4487671852111816,,,,,0.05124368518590927,0.027058467268943787,0.011361599899828434,0.9826552271842957,0.05133434012532234,0.051127925515174866,0.05003545805811882,0.050510093569755554,0.05085809528827667,0.051045846194028854,0.05058937519788742,0.04989120736718178,0.05075972527265549,0.05151049792766571,0.050792306661605835,0.050909627228975296,0.05186524614691734,0.010802669450640678,0.9827914834022522,0.050872597843408585,0.02698405832052231,0.03298361971974373,1.004552960395813,0.05140509456396103,0.050589703023433685,0.05118027701973915,0.05106353759765625,0.050709787756204605,0.05031643435359001,0.050941724330186844,0.05021104961633682,0.05083644390106201,0.05109655112028122,0.05052980035543442,0.05026291310787201,0.050920821726322174,0.012417364865541458,0.9821335077285767,0.9918501973152161,0.058723580092191696,167,,,,,3.2306690216064453,3.450160026550293,31.50543212890625
166.0,2,,,0.43173694610595703,0.0010000000474974513,84964.0,838557.0,,,,,,,,,,,,,,,,,,,,,,,,,,,,,,,,,,,,,,,,,331,9.369903564453125,3.235488176345825,3.4493799209594727,31.480863571166992,,,
,4,3.2684431076049805,3.448291301727295,,,,,0.05054300278425217,0.026916498318314552,0.012895185500383377,0.9652225375175476,0.05061473324894905,0.050532907247543335,0.04939687252044678,0.049822427332401276,0.05065620318055153,0.050573889166116714,0.049943286925554276,0.049319129437208176,0.0501050166785717,0.05085155740380287,0.05049159377813339,0.05048142746090889,0.051087718456983566,0.010544799268245697,0.966575026512146,0.05014118552207947,0.02722630836069584,0.031827740371227264,0.9771738648414612,0.05096760764718056,0.05027607083320618,0.05072268843650818,0.05064050108194351,0.05005908012390137,0.04971484839916229,0.05049066245555878,0.050038840621709824,0.050538450479507446,0.05070118606090546,0.04987974092364311,0.04956486448645592,0.05030638724565506,0.015834813937544823,0.9633349776268005,0.9755859375,0.06508148461580276,333,,,,,3.2214865684509277,3.4489519596099854,31.467395782470703
166.0,4,,,0.512902021408081,0.0010000000474974513,84964.0,838557.0,,,,,,,,,,,,,,,,,,,,,,,,,,,,,,,,,,,,,,,,,497,10.507291793823242,3.1507463455200195,3.4454784393310547,31.35828399658203,,,
,6,3.346123218536377,3.443242073059082,,,,,0.05042736977338791,0.02745111845433712,0.014618976972997189,0.9477510452270508,0.050797320902347565,0.05197617784142494,0.05094568431377411,0.050494566559791565,0.052473973482847214,0.052455924451351166,0.05101345106959343,0.05089670419692993,0.05129396542906761,0.051217902451753616,0.051984626799821854,0.05163497477769852,0.0514826737344265,0.010070099495351315,0.9517499208450317,0.049488615244627,0.027403848245739937,0.026531822979450226,0.945493221282959,0.050726428627967834,0.05077038332819939,0.051056645810604095,0.05054434388875961,0.050499312579631805,0.049908027052879333,0.05060526356101036,0.05063006654381752,0.05113771930336952,0.050724584609270096,0.04985446110367775,0.04929289221763611,0.04999667778611183,0.01888580061495304,0.9426365494728088,0.9598132967948914,0.07552754133939743,499,,,,,3.213615894317627,3.4449944496154785,31.343107223510742
166.0,6,,,0.4985926151275635,0.0010000000474974513,84964.0,838557.0,,,,,,,,,,,,,,,,,,,,,,,,,,,,,,,,,,,,,,,,,663,7.63920259475708,3.2307801246643066,3.4422991275787354,31.258743286132812,,,
,8,3.263735294342041,3.4412174224853516,,,,,0.05083756521344185,0.028921453282237053,0.01633875072002411,0.9312413334846497,0.05192088335752487,0.05410522595047951,0.05365290492773056,0.05205017328262329,0.05414615571498871,0.054833635687828064,0.05289512500166893,0.05249004811048508,0.053045012056827545,0.052130721509456635,0.05355289205908775,0.05371890962123871,0.05317230895161629,0.012743547558784485,0.9364772439002991,0.04898086562752724,0.02756338380277157,0.02053976058959961,0.9135633707046509,0.050659939646720886,0.051929328590631485,0.05247056856751442,0.05075563117861748,0.050956521183252335,0.050032470375299454,0.050779540091753006,0.05135909095406532,0.05227203667163849,0.050547946244478226,0.050723183900117874,0.05024009197950363,0.049809832125902176,0.02139327861368656,0.9230037331581116,0.9442852139472961,0.08982384949922562,665,,,,,3.2214865684509277,3.443748950958252,31.304096221923828
166.0,8,,,0.4882378578186035,0.0010000000474974513,84964.0,838557.0,,,,,,,,,,,,,,,,,,,,,,,,,,,,,,,,,,,,,,,,,829,10.234399795532227,3.3578927516937256,3.4405012130737305,31.202592849731445,,,
,10,3.661550760269165,3.436492681503296,,,,,0.05158539116382599,0.030791401863098145,0.016604384407401085,0.9163428544998169,0.0528339259326458,0.05567946657538414,0.05569344758987427,0.052719343453645706,0.05548376590013504,0.056969739496707916,0.05429060757160187,0.055037323385477066,0.05581202358007431,0.05315012484788895,0.05497051402926445,0.05629647523164749,0.05428659915924072,0.015176864340901375,0.9212547540664673,0.04848933964967728,0.02767789177596569,0.01436875481158495,0.880214512348175,0.05058877542614937,0.05301593244075775,0.05388995260000229,0.05045996978878975,0.052420374006032944,0.05175446718931198,0.050693053752183914,0.052770260721445084,0.05453885719180107,0.0501546673476696,0.05225915461778641,0.052723221480846405,0.049676280468702316,0.023610765114426613,0.903400182723999,0.9289847612380981,0.10703462362289429,831,,,,,3.1870224475860596,3.4427969455718994,31.274309158325195
166.0,10,,,0.4063570499420166,0.0010000000474974513,84964.0,838557.0,,,,,,,,,,,,,,,,,,,,,,,,,,,,,,,,,,,,,,,,,995,7.050041198730469,3.6062333583831787,3.437716245651245,31.115816116333008,,,
,12,3.6438963413238525,3.4323225021362305,,,,,0.05264192819595337,0.03298646956682205,0.01816696487367153,0.9010945558547974,0.05323763191699982,0.057712774723768234,0.058194976300001144,0.053370311856269836,0.05673615261912346,0.05883103609085083,0.05501118674874306,0.05683022737503052,0.05833926051855087,0.05363668501377106,0.05654863268136978,0.058348897844552994,0.054868556559085846,0.01729891262948513,0.9062305092811584,0.0480944849550724,0.02778797037899494,0.010090438649058342,0.8481308221817017,0.05052289366722107,0.054710209369659424,0.05688900873064995,0.05023640766739845,0.053740985691547394,0.05315529555082321,0.05015923082828522,0.05459776893258095,0.057915542274713516,0.049648821353912354,0.05457034707069397,0.05606795474886894,0.04965505003929138,0.02591969072818756,0.8827742338180542,0.9139314293861389,0.1275278627872467,997,,,,,3.193223714828491,3.4407992362976074,31.21189308166504
166.0,12,,,0.4088714122772217,0.0010000000474974513,84964.0,838557.0,,,,,,,,,,,,,,,,,,,,,,,,,,,,,,,,,,,,,,,,,1161,7.025523662567139,3.6309497356414795,3.435225486755371,31.038408279418945,,,
,14,3.9687397480010986,3.4286608695983887,,,,,0.05398577079176903,0.035395845770835876,0.020093396306037903,0.8865693211555481,0.053521864116191864,0.05985426902770996,0.06054654344916344,0.05372043326497078,0.05810762569308281,0.06129777431488037,0.05544643476605415,0.058735642582178116,0.06080720201134682,0.054495468735694885,0.058370403945446014,0.061115141957998276,0.055247530341148376,0.01943332515656948,0.8918205499649048,0.047697607427835464,0.02773023210465908,0.009240631945431232,0.8181161880493164,0.05050653591752052,0.05676146596670151,0.06002817675471306,0.05002274364233017,0.0559980571269989,0.05583063140511513,0.05001729726791382,0.05641938000917435,0.06104491278529167,0.04952293634414673,0.0570777989923954,0.05942877009510994,0.04973538964986801,0.02827170118689537,0.8616572618484497,0.8991292119026184,0.14961108565330505,1163,,,,,3.1473114490509033,3.4397165775299072,31.17812156677246
166.0,14,,,0.5206611156463623,0.0010000000474974513,84964.0,838557.0,,,,,,,,,,,,,,,,,,,,,,,,,,,,,,,,,,,,,,,,,1327,7.925130844116211,3.7462925910949707,3.433053970336914,30.97108268737793,,,
,16,4.057012557983398,3.425316095352173,,,,,0.05527133122086525,0.037697792053222656,0.020600736141204834,0.8733755946159363,0.053981877863407135,0.061807092279195786,0.06302765011787415,0.05431494489312172,0.05972261726856232,0.06338821351528168,0.056247528642416,0.060818713158369064,0.06350943446159363,0.055381111800670624,0.05995858088135719,0.06330669671297073,0.05560921132564545,0.020922575145959854,0.8776162266731262,0.04773903265595436,0.028322862461209297,0.013031174428761005,0.789391279220581,0.05036833882331848,0.058566462248563766,0.0632031187415123,0.049597498029470444,0.0586586520075798,0.05919315665960312,0.049715593457221985,0.058456722646951675,0.0640043169260025,0.04900089278817177,0.059496957808732986,0.06236109510064125,0.049541670829057693,0.03008284792304039,0.8412991166114807,0.8846137523651123,0.17084552347660065,1329,,,,,3.148742437362671,3.4439454078674316,31.31024742126465
166.0,16,,,0.44322919845581055,0.0010000000474974513,84964.0,838557.0,,,,,,,,,,,,,,,,,,,,,,,,,,,,,,,,,,,,,,,,,1493,9.594490051269531,3.883997917175293,3.429610252380371,30.864612579345703,,,
,18,3.906360387802124,3.4234566688537598,,,,,0.05673271417617798,0.04008568450808525,0.021487070247530937,0.8603880405426025,0.05425545945763588,0.06384675949811935,0.0653504729270935,0.05468613654375076,0.061232175678014755,0.06525376439094543,0.05642709508538246,0.0628281980752945,0.06617479026317596,0.05611370503902435,0.0618482269346714,0.06557180732488632,0.05615340918302536,0.02248123660683632,0.8637294173240662,0.04800884425640106,0.029524775221943855,0.017038628458976746,0.7643013000488281,0.05022531747817993,0.06057986989617348,0.06591933220624924,0.049434468150138855,0.06059395894408226,0.0618349090218544,0.04939049482345581,0.06101936846971512,0.06746458262205124,0.04912842437624931,0.06179017201066017,0.06519386172294617,0.049643367528915405,0.0315067321062088,0.8214787244796753,0.8703104853630066,0.19071805477142334,1495,,,,,3.167703628540039,3.4448180198669434,31.33757972717285
166.0,18,,,0.539832592010498,0.0010000000474974513,84964.0,838557.0,,,,,,,,,,,,,,,,,,,,,,,,,,,,,,,,,,,,,,,,,1659,8.02978229522705,4.091144561767578,3.4260544776916504,30.75505828857422,,,
,20,4.611364841461182,3.4167706966400146,,,,,0.058222196996212006,0.04259219393134117,0.021675346419215202,0.8491007089614868,0.054631806910037994,0.06592592597007751,0.06796245276927948,0.0556069016456604,0.06294819712638855,0.06735428422689438,0.056789036840200424,0.06438736617565155,0.06807592511177063,0.05672895163297653,0.06337547302246094,0.06742776930332184,0.05658061429858208,0.023242220282554626,0.8501203656196594,0.04857097566127777,0.03125365450978279,0.02143705077469349,0.7417335510253906,0.05019037798047066,0.06288404017686844,0.06906338036060333,0.049539536237716675,0.06287693232297897,0.06453519314527512,0.049286190420389175,0.06282828748226166,0.0699712410569191,0.049425557255744934,0.06405719369649887,0.06784220039844513,0.0499483086168766,0.03258046880364418,0.8028673529624939,0.8562906980514526,0.2098209261894226,1661,,,,,3.113682270050049,3.4488141536712646,31.463058471679688
166.0,20,,,0.4429938793182373,0.0010000000474974513,84964.0,838557.0,,,,,,,,,,,,,,,,,,,,,,,,,,,,,,,,,,,,,,,,,1825,7.1178693771362305,4.2606282234191895,3.4217963218688965,30.624378204345703,,,
,22,4.838520050048828,3.4110541343688965,,,,,0.05970601364970207,0.045058559626340866,0.022513387724757195,0.8383361101150513,0.055197928100824356,0.06759872287511826,0.06995606422424316,0.056658580899238586,0.06457548588514328,0.06923439353704453,0.05744835361838341,0.06589270383119583,0.06966178864240646,0.05741937831044197,0.06462974101305008,0.06898823380470276,0.056883469223976135,0.024496864527463913,0.8367951512336731,0.049171436578035355,0.03259019926190376,0.02564569003880024,0.7259088158607483,0.05010489001870155,0.06487733870744705,0.07126661390066147,0.04972357675433159,0.0643552616238594,0.0659647285938263,0.04861518368124962,0.0647575631737709,0.07235308736562729,0.04981846734881401,0.06557969748973846,0.06933559477329254,0.05013256147503853,0.033570267260074615,0.7878624796867371,0.8424884080886841,0.2341974675655365,1827,,,,,3.0787413120269775,3.4482197761535645,31.444364547729492
166.0,22,,,0.4069805145263672,0.0010000000474974513,84964.0,838557.0,,,,,,,,,,,,,,,,,,,,,,,,,,,,,,,,,,,,,,,,,1991,6.8997673988342285,4.546631813049316,3.4171981811523438,30.483884811401367,,,
,24,5.196318626403809,3.4020256996154785,,,,,0.06114594638347626,0.04746907204389572,0.023098722100257874,0.827964723110199,0.05564481019973755,0.06943725794553757,0.0717320442199707,0.05753903090953827,0.06605584174394608,0.07094638049602509,0.057910460978746414,0.06711112707853317,0.07101268321275711,0.05791042372584343,0.065501369535923,0.07013996690511703,0.057401105761528015,0.025462007150053978,0.8236697912216187,0.05006055906414986,0.034377358853816986,0.029257643967866898,0.7147661447525024,0.049940019845962524,0.0667468011379242,0.0732719823718071,0.04961290583014488,0.06579375267028809,0.06724515557289124,0.04860912635922432,0.0663415715098381,0.07367708534002304,0.04985840991139412,0.06729206442832947,0.07143516093492508,0.05048340559005737,0.03432673588395119,0.7735875248908997,0.8289151191711426,0.26470306515693665,1993,,,,,3.058349132537842,3.4586963653564453,31.77552604675293
166.0,24,,,0.40604066848754883,0.0010000000474974513,84964.0,838557.0,,,,,,,,,,,,,,,,,,,,,,,,,,,,,,,,,,,,,,,,,2157,7.163797378540039,4.902076244354248,3.411489486694336,30.31035804748535,,,
,26,5.668282985687256,3.3955767154693604,,,,,0.06250341236591339,0.04973418265581131,0.0240876954048872,0.8179585337638855,0.05600854009389877,0.07059986144304276,0.073112852871418,0.05809301882982254,0.06719403713941574,0.07243429124355316,0.058473728597164154,0.06851712614297867,0.07258262485265732,0.05821854993700981,0.06651438027620316,0.07138161361217499,0.05786363407969475,0.02645152620971203,0.8106395602226257,0.051179297268390656,0.03637756034731865,0.03234285116195679,0.7080735564231873,0.04994158819317818,0.06829973310232162,0.07484053820371628,0.05001049116253853,0.06720159202814102,0.06832082569599152,0.048891231417655945,0.06795482337474823,0.0756411924958229,0.05019615218043327,0.06899061053991318,0.07315034419298172,0.05061572417616844,0.03515547513961792,0.7598751187324524,0.8155537247657776,0.2955048680305481,2159,,,,,3.0780258178710938,3.4551634788513184,31.66346549987793
166.0,26,,,0.4015543460845947,0.0010000000474974513,84964.0,838557.0,,,,,,,,,,,,,,,,,,,,,,,,,,,,,,,,,,,,,,,,,2323,7.042447566986084,4.9444475173950195,3.4044055938720703,30.09640121459961,,,
,28,6.0072503089904785,3.3837168216705322,,,,,0.06384750455617905,0.051966335624456406,0.02517624944448471,0.808906078338623,0.05645086243748665,0.07162853330373764,0.07423999160528183,0.058863647282123566,0.06820845603942871,0.07367370277643204,0.05874425545334816,0.06975176930427551,0.07405850291252136,0.058725904673337936,0.06733548641204834,0.07209409773349762,0.05821232497692108,0.027956368401646614,0.7979500889778137,0.05257131904363632,0.038974013179540634,0.03473817929625511,0.7076491117477417,0.05005454644560814,0.07001467049121857,0.07652419805526733,0.05047405883669853,0.06836964190006256,0.06930148601531982,0.04881139099597931,0.0695388913154602,0.07750135660171509,0.05061378702521324,0.07045512646436691,0.07495830953121185,0.051276423037052155,0.03597743436694145,0.7469568848609924,0.8023728132247925,0.32140061259269714,2325,,,,,3.0805299282073975,3.4654581546783447,31.991111755371094
166.0,28,,,0.48491382598876953,0.0010000000474974513,84964.0,838557.0,,,,,,,,,,,,,,,,,,,,,,,,,,,,,,,,,,,,,,,,,2489,7.553965091705322,5.509392261505127,3.395740270614624,29.83673095703125,,,
,30,6.5415940284729,3.3713152408599854,,,,,0.06509638577699661,0.05408572405576706,0.026202306151390076,0.8002488017082214,0.05704270303249359,0.07279319316148758,0.07543934136629105,0.05967463180422783,0.06905315816402435,0.07469353079795837,0.05966636538505554,0.0707421526312828,0.07516457885503769,0.05920391529798508,0.06828401982784271,0.07311038672924042,0.05849946662783623,0.02878098376095295,0.7856749296188354,0.05410569906234741,0.041687577962875366,0.03685792163014412,0.7116953134536743,0.05018864944577217,0.07132849097251892,0.0778309628367424,0.05066084861755371,0.07007303088903427,0.0708257406949997,0.04925974830985069,0.07117267698049545,0.07931400835514069,0.050970714539289474,0.07192717492580414,0.07644633948802948,0.05170993134379387,0.037216704338788986,0.734491765499115,0.7894220352172852,0.351640909910202,2491,,,,,3.0806493759155273,3.468872308731079,32.10052490234375
166.0,30,,,0.531768798828125,0.0010000000474974513,84964.0,838557.0,,,,,,,,,,,,,,,,,,,,,,,,,,,,,,,,,,,,,,,,,2655,7.915984153747559,5.893084526062012,3.385035991668701,29.519054412841797,,,
,32,6.986488342285156,3.357811450958252,,,,,0.0662296712398529,0.056016650050878525,0.027166228741407394,0.7915371060371399,0.05728122591972351,0.07354006171226501,0.07613854855298996,0.06037114933133125,0.07000194489955902,0.07558320462703705,0.05945669114589691,0.0718812495470047,0.0763801783323288,0.05938369408249855,0.06914293020963669,0.0741032212972641,0.05894501134753227,0.030207423493266106,0.7733238339424133,0.05578242242336273,0.044621098786592484,0.03865440562367439,0.7204013466835022,0.05034387484192848,0.07278413325548172,0.0793013796210289,0.05108023062348366,0.07113771140575409,0.07188910245895386,0.04934736341238022,0.07257162034511566,0.08061815053224564,0.05133642256259918,0.07352637499570847,0.07812849432229996,0.0521535687148571,0.03817042335867882,0.7226157188415527,0.7766723036766052,0.3755655288696289,2657,,,,,3.1138014793395996,3.4823601245880127,32.53641891479492
166.0,32,,,0.4556272029876709,0.0010000000474974513,84964.0,838557.0,,,,,,,,,,,,,,,,,,,,,,,,,,,,,,,,,,,,,,,,,2821,9.767080307006836,6.392119407653809,3.3730175495147705,29.166404724121094,,,
,34,7.596158504486084,3.336444616317749,,,,,0.06728892773389816,0.05782465264201164,0.02886740118265152,0.7829150557518005,0.05760681629180908,0.0741996169090271,0.07684054970741272,0.060890600085258484,0.070956751704216,0.07677699625492096,0.05992664769291878,0.0727573037147522,0.07729064673185349,0.059748150408267975,0.06996101140975952,0.0749988928437233,0.058940719813108444,0.03136823698878288,0.7613130807876587,0.05752117931842804,0.047792378813028336,0.04041622206568718,0.7333570122718811,0.0506230965256691,0.07413878291845322,0.08068503439426422,0.05152174457907677,0.07231428474187851,0.0730898454785347,0.04995197057723999,0.07394993305206299,0.08208706229925156,0.051670026034116745,0.07439813017845154,0.0790916159749031,0.05245821177959442,0.03941026329994202,0.7111876010894775,0.7641173601150513,0.3972955644130707,2823,,,,,3.158878803253174,3.4872522354125977,32.69598388671875
166.0,34,,,0.40637636184692383,0.0010000000474974513,84964.0,838557.0,,,,,,,,,,,,,,,,,,,,,,,,,,,,,,,,,,,,,,,,,2987,6.899605751037598,6.691069602966309,3.3575053215026855,28.71746063232422,,,
,36,7.995151042938232,3.319404125213623,,,,,0.06826438754796982,0.05951043590903282,0.030418405309319496,0.774243175983429,0.057898737490177155,0.07468363642692566,0.07725957036018372,0.061797499656677246,0.07130254805088043,0.07726556062698364,0.05968532711267471,0.07333393394947052,0.07793118059635162,0.059716418385505676,0.07100808620452881,0.07609633356332779,0.05968498811125755,0.0323963426053524,0.7490796446800232,0.05929477885365486,0.051090992987155914,0.04216189309954643,0.7505661845207214,0.05079935863614082,0.0752907544374466,0.08184535056352615,0.05208512023091316,0.07353772968053818,0.07426907122135162,0.05019974708557129,0.07514218240976334,0.08321838080883026,0.051930684596300125,0.07550959289073944,0.0801466703414917,0.052586279809474945,0.040788184851408005,0.6997388005256653,0.7517349123954773,0.4190499186515808,2989,,,,,3.3191542625427246,3.4865236282348633,32.67216873168945
166.0,36,,,0.4109232425689697,0.0010000000474974513,84964.0,838557.0,,,,,,,,,,,,,,,,,,,,,,,,,,,,,,,,,,,,,,,,,3153,6.615596771240234,7.198343276977539,3.3341023921966553,28.053190231323242,,,
,38,8.829622268676758,3.288816452026367,,,,,0.06912796199321747,0.06103060767054558,0.03173556178808212,0.7651370763778687,0.058262456208467484,0.0746431052684784,0.07722334563732147,0.06254246085882187,0.07186148315668106,0.07777640968561172,0.06001107767224312,0.07345513999462128,0.07802694290876389,0.05996032431721687,0.07139173150062561,0.07619648426771164,0.05977775901556015,0.0334446020424366,0.7371944785118103,0.061032045632600784,0.05426374077796936,0.04346907511353493,0.7729759812355042,0.05090584605932236,0.07632169127464294,0.08265633136034012,0.05208953842520714,0.0744999349117279,0.07524552196264267,0.05065707489848137,0.07628915458917618,0.08415395021438599,0.05216289684176445,0.0760994628071785,0.08068731427192688,0.05291471630334854,0.04249422624707222,0.6886656284332275,0.7394724488258362,0.4315788745880127,3155,,,,,3.6633169651031494,3.4696261882781982,32.124732971191406
166.0,38,,,0.4132230281829834,0.0010000000474974513,84964.0,838557.0,,,,,,,,,,,,,,,,,,,,,,,,,,,,,,,,,,,,,,,,,3319,6.424307823181152,8.570688247680664,3.2528271675109863,25.863357543945312,,,
,40,11.806177139282227,3.0426554679870605,,,,,0.06987109035253525,0.06239170581102371,0.031919416040182114,0.7495698928833008,0.05827343836426735,0.07436972111463547,0.07703293114900589,0.06386850774288177,0.07056816667318344,0.07639283686876297,0.05914334952831268,0.0720563754439354,0.076522096991539,0.059537842869758606,0.06997307389974594,0.07424968481063843,0.059296105057001114,0.034096550196409225,0.7240382432937622,0.06298357248306274,0.058005575090646744,0.04504368454217911,0.8244588375091553,0.05142546817660332,0.07623331248760223,0.08232638239860535,0.05246584862470627,0.07332595437765121,0.07409239560365677,0.05144921690225601,0.07562445849180222,0.0831168070435524,0.05244515836238861,0.0755314826965332,0.07997877150774002,0.053344499319791794,0.04349464178085327,0.6770045161247253,0.7270219922065735,0.4398379325866699,3321,,,,,6.8869500160217285,3.1591341495513916,23.55019760131836
166.0,40,,,0.4026663303375244,0.0010000000474974513,84964.0,838557.0,,,,,,,,,,,,,,,,,,,,,,,,,,,,,,,,,,,,,,,,,3485,6.832762718200684,15.087566375732422,2.7096853256225586,15.02454662322998,,,
,42,23.446401596069336,2.244267702102661,,,,,0.07011241465806961,0.06310845911502838,0.03162885084748268,0.7099038362503052,0.056984782218933105,0.07302725315093994,0.07541798055171967,0.06381645053625107,0.06227981299161911,0.06737494468688965,0.05593428015708923,0.06552159786224365,0.07062157243490219,0.05688939988613129,0.062148965895175934,0.06595379114151001,0.05796949937939644,0.033830270171165466,0.707463264465332,0.06549344956874847,0.06251904368400574,0.04689479619264603,0.9416787624359131,0.05268246680498123,0.07160362601280212,0.07741116732358932,0.053958289325237274,0.06848951429128647,0.06949353218078613,0.05275812745094299,0.07077822834253311,0.07720252126455307,0.052865851670503616,0.06925395131111145,0.0735398605465889,0.05387093499302864,0.0501837320625782,0.6635863184928894,0.7136983871459961,0.43875351548194885,3487,,,,,19.51292610168457,2.2866883277893066,9.842288970947266
166.0,42,,,0.3992035388946533,0.0010000000474974513,84964.0,838557.0,,,,,,,,,,,,,,,,,,,,,,,,,,,,,,,,,,,,,,,,,3651,7.02854061126709,27.025564193725586,2.0739057064056396,7.955835819244385,,,
,44,36.927406311035156,1.8282476663589478,,,,,0.06991306692361832,0.06316649913787842,0.032344233244657516,0.6844403743743896,0.05623124539852142,0.0700986459851265,0.07269830256700516,0.06205872446298599,0.054991453886032104,0.05997726321220398,0.0550074577331543,0.06038111820816994,0.06613077968358994,0.05510585382580757,0.05574393644928932,0.06027640029788017,0.05763982608914375,0.03394158557057381,0.6930118203163147,0.0673510804772377,0.06602270156145096,0.04890011250972748,1.0683507919311523,0.0529579259455204,0.06888413429260254,0.07455131411552429,0.05403750762343407,0.06644491106271744,0.06744003295898438,0.05291662737727165,0.06728928536176682,0.07336323708295822,0.052881788462400436,0.06579548865556717,0.06979155540466309,0.05419857054948807,0.05489714443683624,0.6524484753608704,0.7008945941925049,0.4375198781490326,3653,,,,,32.615909576416016,1.8565236330032349,6.401444435119629
166.0,44,,,0.4118185043334961,0.0010000000474974513,84964.0,838557.0,,,,,,,,,,,,,,,,,,,,,,,,,,,,,,,,,,,,,,,,,3817,6.71553897857666,38.07730484008789,1.7630420923233032,5.830146789550781,,,
,46,45.795867919921875,1.6166616678237915,,,,,0.0695924311876297,0.06305123120546341,0.032720912247896194,0.6666520237922668,0.055823083966970444,0.06760355085134506,0.07028017193078995,0.060790110379457474,0.05018460005521774,0.05526743084192276,0.055147066712379456,0.05675308033823967,0.06276419013738632,0.05405091121792793,0.05167459696531296,0.0569443553686142,0.057346176356077194,0.03420601785182953,0.6798578500747681,0.06839631497859955,0.06836836785078049,0.05021524801850319,1.1960830688476562,0.052702952176332474,0.06707243621349335,0.07256829738616943,0.05353662744164467,0.0655699223279953,0.06652933359146118,0.05297841504216194,0.0651247575879097,0.07094743102788925,0.05254574865102768,0.06370479613542557,0.06738824397325516,0.054007504135370255,0.05701858177781105,0.6417883634567261,0.6886600255966187,0.4352247714996338,3819,,,,,41.92535400390625,1.6379684209823608,5.144706726074219
166.0,46,,,0.4079256057739258,0.0010000000474974513,84964.0,838557.0,,,,,,,,,,,,,,,,,,,,,,,,,,,,,,,,,,,,,,,,,3983,6.4680938720703125,45.656986236572266,1.5852060317993164,4.88029670715332,,,
,48,55.1021614074707,1.4604421854019165,,,,,0.06926300376653671,0.06290845572948456,0.033072877675294876,0.6523767113685608,0.05547182634472847,0.0653790533542633,0.06818214803934097,0.059667009860277176,0.047092143446207047,0.05224941298365593,0.05539928749203682,0.05411549657583237,0.06025944650173187,0.05317220836877823,0.04877561703324318,0.05453310161828995,0.05715712159872055,0.034530267119407654,0.6677170395851135,0.06905718147754669,0.07015229016542435,0.05199427157640457,1.3231061697006226,0.05223542079329491,0.0657574012875557,0.07104959338903427,0.05298910662531853,0.06521737575531006,0.0660848617553711,0.05296320095658302,0.06370191276073456,0.0692300871014595,0.05196095257997513,0.06228382885456085,0.06570068746805191,0.0535934641957283,0.05807054787874222,0.6313319206237793,0.676849901676178,0.4319199323654175,3985,,,,,51.37611389160156,1.4788488149642944,4.3878912925720215
166.0,48,,,0.41277146339416504,0.0010000000474974513,84964.0,838557.0,,,,,,,,,,,,,,,,,,,,,,,,,,,,,,,,,,,,,,,,,4149,6.9825439453125,52.312744140625,1.452831506729126,4.275202751159668,,,
,50,63.08201217651367,1.3410491943359375,,,,,0.06886066496372223,0.06266681849956512,0.03330362215638161,0.6394025087356567,0.0551295131444931,0.06367149204015732,0.06653190404176712,0.0588851235806942,0.04472555220127106,0.04995455592870712,0.055471938103437424,0.05203791335225105,0.05818778648972511,0.05233218893408775,0.04657524451613426,0.052598677575588226,0.056910865008831024,0.034731149673461914,0.6557915210723877,0.06952621042728424,0.07174815237522125,0.05376200005412102,1.449821949005127,0.05176244303584099,0.06472879648208618,0.06976553797721863,0.052329856902360916,0.06494012475013733,0.06577529013156891,0.05272648110985756,0.06251107901334763,0.06781073659658432,0.051462169736623764,0.06119846925139427,0.06431350111961365,0.05319683626294136,0.058610375970602036,0.6211304068565369,0.6653740406036377,0.428025484085083,4151,,,,,58.984901428222656,1.3598077297210693,3.89544415473938
166.0,50,,,0.4221630096435547,0.0010000000474974513,84964.0,838557.0,,,,,,,,,,,,,,,,,,,,,,,,,,,,,,,,,,,,,,,,,4315,7.12299919128418,57.607933044433594,1.3374406099319458,3.809281587600708,,,
,52,63.6728515625,1.243190050125122,,,,,0.06845605373382568,0.062417708337306976,0.033520378172397614,0.6278724074363708,0.05491191893815994,0.062375716865062714,0.06526076048612595,0.05820092931389809,0.0427391342818737,0.048170946538448334,0.0555868074297905,0.050582464784383774,0.05665096268057823,0.05180385708808899,0.04486842826008797,0.051024723798036575,0.05668095499277115,0.03490513190627098,0.644087016582489,0.07010240107774734,0.07354223728179932,0.055808570235967636,1.5751852989196777,0.05139510706067085,0.0639382004737854,0.06869035214185715,0.05150100961327553,0.06486775726079941,0.06580114364624023,0.05279579386115074,0.061528075486421585,0.06670305132865906,0.05107647553086281,0.06064293906092644,0.06355071812868118,0.052921831607818604,0.05894816666841507,0.6110750436782837,0.654144287109375,0.4238494634628296,4317,,,,,60.293338775634766,1.262030839920044,3.532588243484497
166.0,52,,,0.5216476917266846,0.0010000000474974513,84964.0,838557.0,,,,,,,,,,,,,,,,,,,,,,,,,,,,,,,,,,,,,,,,,4481,7.689107894897461,61.24005126953125,1.2262157201766968,3.408306837081909,,,
,54,72.99797821044922,1.0970349311828613,,,,,0.06812367588281631,0.06227153539657593,0.03387662395834923,0.6177158355712891,0.05472411587834358,0.06126752123236656,0.06405515223741531,0.057437215000391006,0.040948208421468735,0.046546339988708496,0.055690962821245193,0.04926196113228798,0.05526207759976387,0.051343463361263275,0.043356843292713165,0.04953991249203682,0.0565313845872879,0.03490929305553436,0.6328366994857788,0.07075820118188858,0.07530353218317032,0.05768401175737381,1.697062611579895,0.05131802707910538,0.06337766349315643,0.06795842200517654,0.05084722489118576,0.06489743292331696,0.06591423600912094,0.05269760638475418,0.06100485101342201,0.06610075384378433,0.051207926124334335,0.06053929403424263,0.06344148516654968,0.0531131885945797,0.05909409001469612,0.60166996717453,0.6431600451469421,0.41951578855514526,4483,,,,,69.5313491821289,1.11640202999115,3.053846836090088
166.0,54,,,0.41497302055358887,0.0010000000474974513,84964.0,838557.0,,,,,,,,,,,,,,,,,,,,,,,,,,,,,,,,,,,,,,,,,4647,6.884072303771973,64.3331298828125,1.09865403175354,3.0001251697540283,,,
,56,69.29287719726562,0.9892076253890991,,,,,0.0678558200597763,0.062199559062719345,0.03415700048208237,0.6076477766036987,0.05452631786465645,0.06022386625409126,0.06302453577518463,0.056705292314291,0.0392792709171772,0.045045047998428345,0.05589636042714119,0.04825510457158089,0.05412278324365616,0.05093682184815407,0.04200848191976547,0.048229362815618515,0.05642577260732651,0.03493485972285271,0.6218962073326111,0.07149962335824966,0.07692587375640869,0.05909423157572746,1.8139145374298096,0.05136536434292793,0.06265394389629364,0.06714968383312225,0.050286587327718735,0.0650177001953125,0.06614537537097931,0.05266043171286583,0.060777485370635986,0.06568454951047897,0.051586076617240906,0.06028551235795021,0.06309717148542404,0.053440771996974945,0.05941067636013031,0.5923155546188354,0.6323962211608887,0.41614076495170593,4649,,,,,66.50603485107422,1.00958251953125,2.744454860687256
166.0,56,,,0.4778304100036621,0.0010000000474974513,84964.0,838557.0,,,,,,,,,,,,,,,,,,,,,,,,,,,,,,,,,,,,,,,,,4813,7.3532304763793945,69.0374755859375,0.966361939907074,2.6283648014068604,,,
,58,74.46566009521484,0.8597511649131775,,,,,0.06757885217666626,0.06215943768620491,0.03454649820923805,0.5966834425926208,0.054384466260671616,0.059272293001413345,0.06204051151871681,0.05605598911643028,0.03784561902284622,0.043648116290569305,0.05602099373936653,0.047297071665525436,0.05303024500608444,0.05059534311294556,0.04086988419294357,0.0469464436173439,0.056185267865657806,0.035076823085546494,0.6111521124839783,0.07221554964780807,0.07836192101240158,0.06084011495113373,1.9269206523895264,0.051240358501672745,0.06170249357819557,0.06619492918252945,0.049697816371917725,0.06476128846406937,0.06587028503417969,0.05255851149559021,0.060288239270448685,0.06504256278276443,0.051676273345947266,0.05979344993829727,0.06257011741399765,0.053591422736644745,0.059808991849422455,0.5826181173324585,0.6218137145042419,0.4134726822376251,4815,,,,,71.97853088378906,0.8787046074867249,2.40777850151062
166.0,58,,,0.41554713249206543,0.0010000000474974513,84964.0,838557.0,,,,,,,,,,,,,,,,,,,,,,,,,,,,,,,,,,,,,,,,,4979,6.905517101287842,72.12113189697266,0.8601179122924805,2.3634393215179443,,,
,60,83.77665710449219,0.7151293158531189,,,,,0.06726175546646118,0.06204424053430557,0.03485047072172165,0.5864339470863342,0.05418111011385918,0.05839995667338371,0.06119333207607269,0.055405065417289734,0.03637201339006424,0.04223697632551193,0.05607980862259865,0.046556487679481506,0.0520155094563961,0.05024053156375885,0.03980778530240059,0.045735329389572144,0.05599244311451912,0.03528359904885292,0.6007156372070312,0.07283712923526764,0.07959140092134476,0.0622125007212162,2.035968542098999,0.051029447466135025,0.06127990037202835,0.0655902624130249,0.049345582723617554,0.06489156186580658,0.06601721048355103,0.05233639478683472,0.05986160412430763,0.06441660970449448,0.051772598177194595,0.05922963470220566,0.06199118122458458,0.05346746742725372,0.060006171464920044,0.5730797052383423,0.6114406585693359,0.41011151671409607,4981,,,,,81.59456634521484,0.7355812788009644,2.0866947174072266
166.0,60,,,0.42841172218322754,0.0010000000474974513,84964.0,838557.0,,,,,,,,,,,,,,,,,,,,,,,,,,,,,,,,,,,,,,,,,5145,7.085183143615723,75.75914764404297,0.7615761756896973,2.1416492462158203,,,
,62,84.53109741210938,0.6317152976989746,,,,,0.06689073890447617,0.06185368448495865,0.03505922481417656,0.5761334896087646,0.05392865091562271,0.05754189193248749,0.06027574464678764,0.05479978397488594,0.03506706655025482,0.04098649322986603,0.056142259389162064,0.04590122774243355,0.05118314176797867,0.0499347448348999,0.03865760937333107,0.044501855969429016,0.05570567026734352,0.035342395305633545,0.5903395414352417,0.07340119034051895,0.08067728579044342,0.06358176469802856,2.142393112182617,0.05081237107515335,0.060925498604774475,0.06505895406007767,0.048796623945236206,0.06481081247329712,0.06592610478401184,0.05217050388455391,0.0595044270157814,0.06386617571115494,0.051825717091560364,0.05872692912817001,0.061399366706609726,0.05333609879016876,0.06048157438635826,0.5634251832962036,0.6012501120567322,0.4064437747001648,5147,,,,,82.68513488769531,0.6499254703521729,1.915398120880127
166.0,62,,,0.444446325302124,0.0010000000474974513,84964.0,838557.0,,,,,,,,,,,,,,,,,,,,,,,,,,,,,,,,,,,,,,,,,5311,7.309128761291504,77.22329711914062,0.6877198815345764,1.989174723625183,,,
,64,86.98978424072266,0.5467698574066162,,,,,0.0664997398853302,0.06166275590658188,0.03550468385219574,0.5663197040557861,0.053638309240341187,0.05696936324238777,0.05966469272971153,0.05419130623340607,0.03372139483690262,0.03972426801919937,0.05610489845275879,0.04540594294667244,0.05046398192644119,0.04954240843653679,0.03780648857355118,0.04347841441631317,0.05542050674557686,0.03555905818939209,0.5802295804023743,0.073834128677845,0.08163861930370331,0.06573978811502457,2.2422854900360107,0.05060328543186188,0.060935914516448975,0.06475871056318283,0.048433199524879456,0.0646669864654541,0.06575997918844223,0.05196473374962807,0.05889996886253357,0.06310761719942093,0.0518675334751606,0.058300312608480453,0.0609261728823185,0.053123898804187775,0.060769692063331604,0.5540247559547424,0.5912696719169617,0.4024770259857178,5313,,,,,85.7249984741211,0.5627630352973938,1.7555162906646729
166.0,64,,,0.40320849418640137,0.0010000000474974513,84964.0,838557.0,,,,,,,,,,,,,,,,,,,,,,,,,,,,,,,,,,,,,,,,,5477,9.094035148620605,80.16218566894531,0.6087708473205566,1.8381705284118652,,,
,66,86.44837951660156,0.4992305636405945,,,,,0.06608659774065018,0.06140726059675217,0.03562208637595177,0.5566570162773132,0.05332864075899124,0.05655312538146973,0.05908311903476715,0.053527943789958954,0.03261794149875641,0.03855448588728905,0.05604911968111992,0.04486452043056488,0.049663688987493515,0.04923045262694359,0.036969929933547974,0.042481355369091034,0.055122070014476776,0.03551861643791199,0.5704345107078552,0.07414495199918747,0.08243973553180695,0.06745486706495285,2.3406317234039307,0.05037827417254448,0.060888420790433884,0.06445946544408798,0.0480080246925354,0.06445609778165817,0.06544812023639679,0.051757872104644775,0.05850829929113388,0.06254955381155014,0.051839496940374374,0.05760718882083893,0.06020739674568176,0.0530354380607605,0.06103181838989258,0.5447714328765869,0.5814694166183472,0.39847657084465027,5479,,,,,85.225341796875,0.5151891112327576,1.6739550828933716
166.0,66,,,0.4952261447906494,0.0010000000474974513,84964.0,838557.0,,,,,,,,,,,,,,,,,,,,,,,,,,,,,,,,,,,,,,,,,5643,7.538087844848633,82.32899475097656,0.5458397269248962,1.7260571718215942,,,
,68,91.33280181884766,0.40461429953575134,,,,,0.06564591079950333,0.06110306456685066,0.03580646216869354,0.5473002791404724,0.053000789135694504,0.056100036948919296,0.05854998156428337,0.05303945019841194,0.03155926614999771,0.037392571568489075,0.05594648793339729,0.044365134090185165,0.049105558544397354,0.04884268343448639,0.03615448251366615,0.04151829332113266,0.054760366678237915,0.03540946543216705,0.5608264207839966,0.07448825985193253,0.08327537775039673,0.06934873759746552,2.434514045715332,0.05010516196489334,0.06060905009508133,0.06399530172348022,0.04760003089904785,0.06430770456790924,0.06519859284162521,0.05147571116685867,0.05799455568194389,0.06185699254274368,0.051718126982450485,0.0571754015982151,0.05976679548621178,0.052911944687366486,0.06141529232263565,0.5355388522148132,0.5718384385108948,0.39420241117477417,5645,,,,,90.19410705566406,0.4197715222835541,1.5216138362884521
166.0,68,,,0.5083634853363037,0.0010000000474974513,84964.0,838557.0,,,,,,,,,,,,,,,,,,,,,,,,,,,,,,,,,,,,,,,,,5809,7.5415449142456055,83.80961608886719,0.4933290481567383,1.6377593278884888,,,
,70,91.08328247070312,0.36854326725006104,,,,,0.06521885097026825,0.060795512050390244,0.03597678616642952,0.5382588505744934,0.052644576877355576,0.05582719296216965,0.058142587542533875,0.052465856075286865,0.03059018775820732,0.03631128370761871,0.05586593970656395,0.04416852816939354,0.04854334890842438,0.048498161137104034,0.035389211028814316,0.04058409482240677,0.0543803833425045,0.03536982461810112,0.5513219237327576,0.07474404573440552,0.08392462134361267,0.07113701105117798,2.5228092670440674,0.0498594269156456,0.06054403632879257,0.06377270817756653,0.04715908318758011,0.0640033558011055,0.06476998329162598,0.05131751671433449,0.05754879489541054,0.061279356479644775,0.05166919156908989,0.05673954263329506,0.059242285788059235,0.052673857659101486,0.06158639118075371,0.5265036821365356,0.5623855590820312,0.38974982500076294,5811,,,,,89.97599792480469,0.3845607340335846,1.4689689874649048
166.0,70,,,0.4117710590362549,0.0010000000474974513,84964.0,838557.0,,,,,,,,,,,,,,,,,,,,,,,,,,,,,,,,,,,,,,,,,5975,6.600871562957764,85.21372985839844,0.45043492317199707,1.568994402885437,,,
,72,89.32018280029297,0.35975581407546997,,,,,0.064760722219944,0.06044222414493561,0.03614360839128494,0.5291696786880493,0.05230875685811043,0.05560500547289848,0.05784567818045616,0.05193738266825676,0.029671376571059227,0.03526118025183678,0.055718351155519485,0.0439058393239975,0.04802843555808067,0.04826847463846207,0.03461387753486633,0.03964508697390556,0.05404185876250267,0.035365235060453415,0.5419667363166809,0.07499299198389053,0.08450926095247269,0.07260417193174362,2.6066348552703857,0.04955999553203583,0.06050049141049385,0.06349416822195053,0.04667961597442627,0.06344922631978989,0.06418120115995407,0.05108475685119629,0.057068683207035065,0.06065329536795616,0.051484499126672745,0.05630197748541832,0.05871850997209549,0.05233055353164673,0.06174266338348389,0.5176737904548645,0.5531010031700134,0.3852372467517853,5977,,,,,88.14463806152344,0.37600234150886536,1.4564504623413086
166.0,72,,,0.4342670440673828,0.0010000000474974513,84964.0,838557.0,,,,,,,,,,,,,,,,,,,,,,,,,,,,,,,,,,,,,,,,,6141,7.207435607910156,86.34951782226562,0.41379812359809875,1.5125517845153809,,,
,74,95.27565002441406,0.2575004994869232,,,,,0.06431436538696289,0.06006499379873276,0.03636039048433304,0.5202211141586304,0.051955584436655045,0.05526747554540634,0.05751591548323631,0.051412489265203476,0.028907524421811104,0.034361764788627625,0.05558105930685997,0.04368969798088074,0.04754725471138954,0.04797464609146118,0.033887751400470734,0.03879920020699501,0.053633786737918854,0.03535860776901245,0.5327779054641724,0.07522984594106674,0.08507994562387466,0.07411424815654755,2.6832473278045654,0.049255531281232834,0.060273125767707825,0.06321144104003906,0.046228066086769104,0.06306855380535126,0.063683420419693,0.050766535103321075,0.05655297264456749,0.06007978320121765,0.05131223797798157,0.055857907980680466,0.058225855231285095,0.05205065757036209,0.06205439195036888,0.5088933110237122,0.5439766049385071,0.380632609128952,6143,,,,,94.51533508300781,0.2710447907447815,1.3113337755203247
166.0,74,,,0.4117448329925537,0.0010000000474974513,84964.0,838557.0,,,,,,,,,,,,,,,,,,,,,,,,,,,,,,,,,,,,,,,,,6307,7.085432052612305,87.70303344726562,0.37527185678482056,1.455386996269226,,,
,76,90.18643188476562,0.3118188679218292,,,,,0.06386670470237732,0.05967449024319649,0.036432091146707535,0.5118234753608704,0.051601167768239975,0.054910529404878616,0.05709455907344818,0.05093885213136673,0.028189200907945633,0.03355639800429344,0.055501539260149,0.043268948793411255,0.04700414463877678,0.04766574501991272,0.03317953646183014,0.03797229379415512,0.053294528275728226,0.03520045056939125,0.5238703489303589,0.07541026175022125,0.08554454147815704,0.07512254267930984,2.760460376739502,0.04894483834505081,0.06047447398304939,0.0631219819188118,0.04588230699300766,0.0625351294875145,0.06314919143915176,0.050532374531030655,0.05606740340590477,0.05951545387506485,0.05108107998967171,0.0555589385330677,0.05783836916089058,0.05181407928466797,0.06224502995610237,0.5002925395965576,0.5350208282470703,0.37594088912010193,6309,,,,,89.39081573486328,0.3247639238834381,1.3837039470672607
166.0,76,,,0.41054320335388184,0.0010000000474974513,84964.0,838557.0,,,,,,,,,,,,,,,,,,,,,,,,,,,,,,,,,,,,,,,,,6473,7.080039978027344,88.2550277709961,0.3518514335155487,1.4216972589492798,,,
,78,91.45991516113281,0.2776435911655426,,,,,0.06341662257909775,0.05929143726825714,0.03646346926689148,0.5037392377853394,0.051235005259513855,0.05469606816768646,0.05678276717662811,0.050418999046087265,0.027584942057728767,0.03281494602560997,0.055345918983221054,0.043233565986156464,0.04677468165755272,0.0473443865776062,0.03263246640563011,0.03719865158200264,0.05288348346948624,0.03515418618917465,0.5150686502456665,0.07551948726177216,0.08605659753084183,0.07637183368206024,2.8284246921539307,0.048626288771629333,0.060545068234205246,0.0629810020327568,0.04538455978035927,0.06219589710235596,0.06272988766431808,0.05035804212093353,0.05564838647842407,0.0589994341135025,0.0508442260324955,0.05518655478954315,0.05744735524058342,0.05147857218980789,0.06261037290096283,0.4918069839477539,0.52622389793396,0.370984822511673,6475,,,,,90.81946563720703,0.2896008789539337,1.335894227027893
166.0,78,,,0.40900206565856934,0.0010000000474974513,84964.0,838557.0,,,,,,,,,,,,,,,,,,,,,,,,,,,,,,,,,,,,,,,,,6639,7.097560405731201,88.58928680419922,0.33478474617004395,1.397639513015747,,,
,80,93.54785919189453,0.23590634763240814,,,,,0.06296521425247192,0.05886752903461456,0.03651224821805954,0.49567291140556335,0.05086229741573334,0.054581478238105774,0.056569989770650864,0.05006686970591545,0.027043258771300316,0.032236479222774506,0.05520489811897278,0.042909301817417145,0.046268485486507416,0.04700117185711861,0.032096054404973984,0.03652302175760269,0.05251168832182884,0.034936778247356415,0.50649094581604,0.07566367834806442,0.08650460839271545,0.07750450819730759,2.8895232677459717,0.04828806221485138,0.06039056554436684,0.0626475140452385,0.04480239003896713,0.06170181557536125,0.06219739839434624,0.05009923875331879,0.055365320295095444,0.05857301503419876,0.050647880882024765,0.05483805388212204,0.057065073400735855,0.05121768265962601,0.06275441497564316,0.483476459980011,0.5175898671150208,0.36619269847869873,6641,,,,,92.98604583740234,0.24640345573425293,1.2794156074523926
166.0,80,,,0.4130892753601074,0.0010000000474974513,84964.0,838557.0,,,,,,,,,,,,,,,,,,,,,,,,,,,,,,,,,,,,,,,,,6805,7.11086368560791,89.15658569335938,0.3171521723270416,1.3732115030288696,,,
,82,92.1413803100586,0.25139546394348145,,,,,0.06253410130739212,0.05850872024893761,0.036598090082407,0.48815780878067017,0.05047784373164177,0.054407455027103424,0.05634903907775879,0.049518268555402756,0.02650206722319126,0.03151446208357811,0.05512616038322449,0.04270455613732338,0.04600125923752785,0.046647053211927414,0.03152237460017204,0.03577914088964462,0.05212489143013954,0.03485345467925072,0.49792635440826416,0.07584216445684433,0.08691767603158951,0.07839399576187134,2.9455292224884033,0.047953877598047256,0.06065763905644417,0.06270357221364975,0.04437511786818504,0.06144457682967186,0.061806634068489075,0.049867890775203705,0.05487123504281044,0.058026332408189774,0.05028580129146576,0.05462642386555672,0.05679856613278389,0.05104413256049156,0.06297935545444489,0.4752282202243805,0.5090956091880798,0.3614378273487091,6807,,,,,91.56289672851562,0.2623862326145172,1.3000285625457764
166.0,82,,,0.4870567321777344,0.0010000000474974513,84964.0,838557.0,,,,,,,,,,,,,,,,,,,,,,,,,,,,,,,,,,,,,,,,,6971,7.683506965637207,90.79609680175781,0.2810404300689697,1.3245071172714233,,,
,84,92.41207885742188,0.23423106968402863,,,,,0.06206941604614258,0.058084968477487564,0.03678033500909805,0.4808567762374878,0.0501096248626709,0.05418047308921814,0.056105878204107285,0.049127768725156784,0.026078812777996063,0.030963292345404625,0.05491763725876808,0.042396798729896545,0.04548401013016701,0.046337611973285675,0.03106858767569065,0.03519292175769806,0.05170271918177605,0.034648191183805466,0.4896300137042999,0.07583148032426834,0.0872957706451416,0.07827872782945633,3.002331018447876,0.047672372311353683,0.060792237520217896,0.06264496594667435,0.04392912983894348,0.0609201118350029,0.061244942247867584,0.04963027313351631,0.05472444370388985,0.05778128281235695,0.050115618854761124,0.05428234115242958,0.05638737231492996,0.05080252140760422,0.0628989040851593,0.46708759665489197,0.5007374882698059,0.3573170006275177,6973,,,,,91.97216796875,0.24185989797115326,1.2736157178878784
166.0,84,,,0.40236496925354004,0.0010000000474974513,84964.0,838557.0,,,,,,,,,,,,,,,,,,,,,,,,,,,,,,,,,,,,,,,,,7137,7.118000507354736,90.69135284423828,0.2753109931945801,1.316940188407898,,,
,86,93.92448425292969,0.20306798815727234,,,,,0.06163128837943077,0.057673994451761246,0.03703824803233147,0.4733142554759979,0.049752503633499146,0.05421047285199165,0.05606785789132118,0.0486462339758873,0.02560097724199295,0.030355310067534447,0.05473826453089714,0.04230278730392456,0.04524672403931618,0.04610639438033104,0.030503612011671066,0.03462572768330574,0.051332853734493256,0.03454379737377167,0.48140227794647217,0.07595705986022949,0.08789398521184921,0.07849643379449844,3.0533041954040527,0.0473778136074543,0.06078065559267998,0.06250971555709839,0.04346899315714836,0.06054447218775749,0.06076190993189812,0.04949243739247322,0.05442550405859947,0.05738483741879463,0.049891140311956406,0.05398900434374809,0.05602923408150673,0.050564736127853394,0.06297066062688828,0.45904669165611267,0.49253231287002563,0.3530513048171997,7139,,,,,93.4638900756836,0.21198363602161407,1.2361277341842651
166.0,86,,,0.399625301361084,0.0010000000474974513,84964.0,838557.0,,,,,,,,,,,,,,,,,,,,,,,,,,,,,,,,,,,,,,,,,7303,7.098869323730469,91.07504272460938,0.2631441354751587,1.3010141849517822,,,
,88,93.82915496826172,0.19419153034687042,,,,,0.061197005212306976,0.05729173868894577,0.037034302949905396,0.4662797451019287,0.04938708618283272,0.05403488501906395,0.05580351874232292,0.04817328602075577,0.02514077164232731,0.029811888933181763,0.05465708300471306,0.04195783659815788,0.04471210762858391,0.045874129980802536,0.03009864315390587,0.03405307978391647,0.051027607172727585,0.034355878829956055,0.473326176404953,0.07608777284622192,0.0882587879896164,0.07763516157865524,3.098660945892334,0.04706991836428642,0.06090635806322098,0.06248665601015091,0.04300164431333542,0.060234587639570236,0.06036237254738808,0.049267370253801346,0.054111547768116,0.056962013244628906,0.049688100814819336,0.05383248254656792,0.055773042142391205,0.05028858035802841,0.06312999874353409,0.4511083960533142,0.4844723343849182,0.3482719957828522,7305,,,,,93.35836029052734,0.20362848043441772,1.2258427143096924
166.0,88,,,0.5111446380615234,0.0010000000474974513,84964.0,838557.0,,,,,,,,,,,,,,,,,,,,,,,,,,,,,,,,,,,,,,,,,7469,7.81966495513916,91.55171966552734,0.2510385811328888,1.2853596210479736,,,
,90,97.42243957519531,0.1297522634267807,,,,,0.06078426539897919,0.05690848454833031,0.03722945600748062,0.45939478278160095,0.04904141277074814,0.053912628442049026,0.05566689372062683,0.047823451459407806,0.02479025535285473,0.029263481497764587,0.05451654642820358,0.04172959923744202,0.04438597708940506,0.045591577887535095,0.029757030308246613,0.033626604825258255,0.050696879625320435,0.03418085351586342,0.465465247631073,0.07613750547170639,0.08862840384244919,0.07695852220058441,3.1418731212615967,0.04677341878414154,0.06110608950257301,0.06235884875059128,0.04257054999470711,0.05980005860328674,0.059846095740795135,0.049099553376436234,0.053961656987667084,0.05667796730995178,0.049441128969192505,0.05370510742068291,0.05550898239016533,0.050104182213544846,0.06310999393463135,0.44337379932403564,0.4765447974205017,0.34365296363830566,7471,,,,,97.06710815429688,0.1368781328201294,1.146688461303711
166.0,90,,,0.5180618762969971,0.0010000000474974513,84964.0,838557.0,,,,,,,,,,,,,,,,,,,,,,,,,,,,,,,,,,,,,,,,,7635,7.788246154785156,91.25395202636719,0.2502281069755554,1.2843183279037476,,,
,92,96.47262573242188,0.14385223388671875,,,,,0.06037984788417816,0.056504834443330765,0.037295106798410416,0.4527137577533722,0.048656415194272995,0.05390579625964165,0.055683787912130356,0.04742318391799927,0.02445550076663494,0.028801502659916878,0.054397545754909515,0.04135986045002937,0.04380100220441818,0.045276764780282974,0.029369603842496872,0.03313055634498596,0.0503062941133976,0.033982109278440475,0.4576544761657715,0.07607239484786987,0.0890301913022995,0.07574020326137543,3.176469326019287,0.04653643071651459,0.061565350741147995,0.0625835731625557,0.04236776381731033,0.05952651798725128,0.05943099036812782,0.048802971839904785,0.05391092598438263,0.05651754513382912,0.04932832717895508,0.053488802164793015,0.05523160099983215,0.049906689673662186,0.06334816664457321,0.4356295168399811,0.4687553942203522,0.33957451581954956,7637,,,,,96.04070281982422,0.15248332917690277,1.1647230386734009
166.0,92,,,0.5181989669799805,0.0010000000474974513,84964.0,838557.0,,,,,,,,,,,,,,,,,,,,,,,,,,,,,,,,,,,,,,,,,7801,7.856800556182861,91.70707702636719,0.24056315422058105,1.2719652652740479,,,
,94,94.65656280517578,0.17260821163654327,,,,,0.059980787336826324,0.05616842582821846,0.037374820560216904,0.446249783039093,0.04834270849823952,0.05402899906039238,0.0558120459318161,0.047192689031362534,0.024122944101691246,0.028312936425209045,0.05430920049548149,0.04125570133328438,0.043704625219106674,0.045170512050390244,0.02899100072681904,0.03271406516432762,0.04997216537594795,0.03383477404713631,0.45000720024108887,0.07606375962495804,0.08936075866222382,0.07435096055269241,3.2095963954925537,0.04626588523387909,0.06168392673134804,0.0625826045870781,0.04189249128103256,0.05916544422507286,0.05900583788752556,0.04870247468352318,0.05388527363538742,0.05633111670613289,0.04912736639380455,0.053388260304927826,0.05501297861337662,0.049772635102272034,0.06342070549726486,0.4282386600971222,0.46110963821411133,0.3355962932109833,7803,,,,,94.46477508544922,0.17797817289829254,1.1947993040084839
166.0,94,,,0.40754103660583496,0.0010000000474974513,84964.0,838557.0,,,,,,,,,,,,,,,,,,,,,,,,,,,,,,,,,,,,,,,,,7967,7.055736064910889,91.81536102294922,0.23564273118972778,1.2657220363616943,,,
,96,95.7852783203125,0.14511804282665253,,,,,0.059586819261312485,0.05575496703386307,0.037363190203905106,0.4396551847457886,0.04796847701072693,0.05396455526351929,0.05575880408287048,0.04675525426864624,0.023823436349630356,0.02793731912970543,0.0542413666844368,0.041026342660188675,0.04331598058342934,0.0448341965675354,0.028646226972341537,0.032360345125198364,0.04972497373819351,0.0336434468626976,0.4424687922000885,0.07594962418079376,0.0896698459982872,0.07324293255805969,3.2360596656799316,0.04600553214550018,0.06192755699157715,0.06264882534742355,0.04152461886405945,0.058952927589416504,0.05867940932512283,0.04865073040127754,0.0535881407558918,0.0559561587870121,0.048903100192546844,0.0532643161714077,0.054772231727838516,0.04952516779303551,0.06338967382907867,0.42070749402046204,0.45358824729919434,0.33095046877861023,7969,,,,,95.51110076904297,0.15187935531139374,1.1640198230743408
166.0,96,,,0.4589052200317383,0.0010000000474974513,84964.0,838557.0,,,,,,,,,,,,,,,,,,,,,,,,,,,,,,,,,,,,,,,,,8133,7.440127372741699,92.55684661865234,0.217294842004776,1.2427104711532593,,,
,98,94.03630065917969,0.18093839287757874,,,,,0.0591711588203907,0.055394574999809265,0.037342753261327744,0.4337505102157593,0.047626812011003494,0.05410632863640785,0.055879827588796616,0.046484313905239105,0.023553624749183655,0.027547093108296394,0.054100099951028824,0.041031938046216965,0.043252889066934586,0.04457845538854599,0.028275905176997185,0.03186582773923874,0.049334701150655746,0.03348798677325249,0.4349938631057739,0.07596693187952042,0.0900043249130249,0.07214471697807312,3.2677953243255615,0.04581092670559883,0.06259575486183167,0.06302689760923386,0.041317250579595566,0.05884774029254913,0.05842408165335655,0.04854673147201538,0.0534684956073761,0.055735934525728226,0.04872678220272064,0.05317532643675804,0.05457990616559982,0.0493684858083725,0.0634414330124855,0.4133813977241516,0.44618862867355347,0.3263989984989166,8135,,,,,93.72969818115234,0.18858733773231506,1.2075425386428833
166.0,98,,,0.4464149475097656,0.0010000000474974513,84964.0,838557.0,,,,,,,,,,,,,,,,,,,,,,,,,,,,,,,,,,,,,,,,,8299,7.384888648986816,92.82991027832031,0.21058420836925507,1.2343989610671997,,,
,100,92.25907897949219,0.21887919306755066,,,,,0.05878780037164688,0.0550132654607296,0.03727308288216591,0.4277196228504181,0.04729390889406204,0.05395769700407982,0.05578143149614334,0.04622603580355644,0.02320954017341137,0.027156323194503784,0.05395723134279251,0.04086444154381752,0.043084196746349335,0.04428448528051376,0.027971770614385605,0.03151040896773338,0.049047645181417465,0.03326094523072243,0.4277961552143097,0.07591728866100311,0.09040337055921555,0.0709822028875351,3.2954354286193848,0.045578308403491974,0.06301618367433548,0.06321898847818375,0.04085930809378624,0.058358609676361084,0.05785636231303215,0.04837929084897041,0.053523048758506775,0.05566319078207016,0.04863493889570236,0.053046707063913345,0.05435378849506378,0.049242328852415085,0.06365613639354706,0.40612074732780457,0.43891358375549316,0.3234476149082184,8301,,,,,91.95845031738281,0.22486962378025055,1.2521594762802124
166.0,100,,,0.40384793281555176,0.0010000000474974513,84964.0,838557.0,,,,,,,,,,,,,,,,,,,,,,,,,,,,,,,,,,,,,,,,,8465,7.103772163391113,92.59333801269531,0.21303260326385498,1.2374249696731567,,,
,102,94.6577377319336,0.16083474457263947,,,,,0.05844231694936752,0.054709773510694504,0.03735882043838501,0.4219871759414673,0.04700864106416702,0.053893815726041794,0.05574508383870125,0.04591042175889015,0.022885721176862717,0.026820654049515724,0.05394577980041504,0.040649302303791046,0.04285186529159546,0.04417511820793152,0.027769561856985092,0.03126010671257973,0.04874476417899132,0.03309681639075279,0.4206116795539856,0.07603365927934647,0.09091535210609436,0.06989119946956635,3.3150582313537598,0.04540284350514412,0.06345371156930923,0.06347961723804474,0.04047146067023277,0.058310046792030334,0.05774201452732086,0.0482751801609993,0.05347772315144539,0.05551312863826752,0.04846545308828354,0.05306418985128403,0.05423352122306824,0.0492309108376503,0.06377779692411423,0.3989647626876831,0.43175944685935974,0.3198606073856354,8467,,,,,94.37891387939453,0.16710638999938965,1.181879997253418
166.0,102,,,0.43500781059265137,0.0010000000474974513,84964.0,838557.0,,,,,,,,,,,,,,,,,,,,,,,,,,,,,,,,,,,,,,,,,8631,7.276492118835449,92.95114135742188,0.2017049640417099,1.2234870195388794,,,
,104,98.50760650634766,0.08397117257118225,,,,,0.058062560856342316,0.0543593131005764,0.03741367161273956,0.4163113236427307,0.04670723155140877,0.05386519059538841,0.05577722564339638,0.04563615098595619,0.0225872490555048,0.026474058628082275,0.05381225049495697,0.04045064002275467,0.04272773861885071,0.04406202584505081,0.027492651715874672,0.03082387149333954,0.04845784604549408,0.03292057290673256,0.4136600196361542,0.07610512524843216,0.09123654663562775,0.06894920021295547,3.335474729537964,0.0451681986451149,0.06389227509498596,0.06374718248844147,0.0400799997150898,0.05805813521146774,0.05737908184528351,0.0481412447988987,0.05347323417663574,0.05533266440033913,0.048446644097566605,0.05297950282692909,0.054058145731687546,0.04896010085940361,0.06383901834487915,0.3918561637401581,0.4247208535671234,0.3155707120895386,8633,,,,,98.31735229492188,0.08822334557771683,1.0922319889068604
166.0,104,,,0.4432370662689209,0.0010000000474974513,84964.0,838557.0,,,,,,,,,,,,,,,,,,,,,,,,,,,,,,,,,,,,,,,,,8797,7.361508369445801,93.47842407226562,0.19229446351528168,1.2120273113250732,,,
,106,97.53072357177734,0.0940660908818245,,,,,0.05766739696264267,0.05399109050631523,0.03742864727973938,0.41057640314102173,0.046364858746528625,0.05391133949160576,0.05575398728251457,0.045350197702646255,0.02225966565310955,0.026104357093572617,0.053726840764284134,0.040133893489837646,0.04252118244767189,0.043794047087430954,0.027260243892669678,0.030555320903658867,0.0481637604534626,0.03271929547190666,0.4067986011505127,0.07605640590190887,0.09146322309970856,0.06774725764989853,3.3552093505859375,0.0449240542948246,0.06427500396966934,0.06396003812551498,0.039753518998622894,0.057925958186388016,0.05713501572608948,0.04806233569979668,0.05342187359929085,0.05517372488975525,0.04823555052280426,0.05276548117399216,0.053765200078487396,0.048786941915750504,0.06378091871738434,0.3850143253803253,0.4178101122379303,0.31114327907562256,8799,,,,,97.42843627929688,0.09837693721055984,1.1033786535263062
166.0,106,,,0.40141868591308594,0.0010000000474974513,84964.0,838557.0,,,,,,,,,,,,,,,,,,,,,,,,,,,,,,,,,,,,,,,,,8963,7.014479160308838,93.0052719116211,0.20122474431991577,1.2228995561599731,,,
,108,97.34004974365234,0.10474216938018799,,,,,0.05731552094221115,0.053716883063316345,0.03760794922709465,0.4055164158344269,0.046033620834350586,0.05384423956274986,0.055763743817806244,0.04501141980290413,0.022091414779424667,0.025770314037799835,0.05369468405842781,0.03986583277583122,0.04215266928076744,0.04355788975954056,0.02703188732266426,0.030210427939891815,0.04792634770274162,0.03267707675695419,0.40009286999702454,0.07597606629133224,0.09174942225217819,0.06670484691858292,3.3669705390930176,0.0448012612760067,0.06484432518482208,0.06436662375926971,0.03948674350976944,0.057799290865659714,0.05688340961933136,0.048083338886499405,0.05347428470849991,0.05512658879160881,0.048143405467271805,0.05287536233663559,0.05374273657798767,0.04866679757833481,0.06396717578172684,0.378222793340683,0.4110136330127716,0.30678775906562805,8965,,,,,97.14318084716797,0.10802899301052094,1.1140799522399902
166.0,108,,,0.3997385501861572,0.0010000000474974513,84964.0,838557.0,,,,,,,,,,,,,,,,,,,,,,,,,,,,,,,,,,,,,,,,,9129,7.0032196044921875,92.1319580078125,0.21555648744106293,1.2405520677566528,,,
,110,96.09835052490234,0.12900981307029724,,,,,0.056991688907146454,0.053367335349321365,0.03771764412522316,0.4001782238483429,0.04572533816099167,0.05396371707320213,0.055920910090208054,0.04484841600060463,0.02181467041373253,0.02554369904100895,0.053762320429086685,0.03977307677268982,0.04205000773072243,0.04341858997941017,0.026894288137555122,0.029966453090310097,0.047664426267147064,0.0324789322912693,0.3933868408203125,0.07605054974555969,0.09205684810876846,0.06550147384405136,3.3686649799346924,0.044601790606975555,0.0655800923705101,0.06486493349075317,0.039236146956682205,0.057608820497989655,0.05657460168004036,0.047975990921258926,0.05355009436607361,0.05508112162351608,0.04794812574982643,0.05282982438802719,0.053638916462659836,0.04857788234949112,0.06427325308322906,0.37152013182640076,0.40435296297073364,0.3023448586463928,9131,,,,,95.91810607910156,0.13357926905155182,1.1429119110107422
166.0,110,,,0.40784692764282227,0.0010000000474974513,84964.0,838557.0,,,,,,,,,,,,,,,,,,,,,,,,,,,,,,,,,,,,,,,,,9295,7.060659408569336,93.99510955810547,0.17628344893455505,1.192776083946228,,,
,112,97.24589538574219,0.09610433131456375,,,,,0.056634195148944855,0.05306454747915268,0.03778092563152313,0.3951021730899811,0.04543651267886162,0.05394066497683525,0.055873289704322815,0.04461042210459709,0.021502066403627396,0.025238728150725365,0.05365829914808273,0.03963169455528259,0.04194425418972969,0.04328208044171333,0.02671601064503193,0.029822688549757004,0.04730150103569031,0.03241363912820816,0.38683220744132996,0.07626337558031082,0.09253040701150894,0.06463151425123215,3.3859543800354004,0.044462140649557114,0.0660460889339447,0.06520791351795197,0.03886296972632408,0.05735163018107414,0.05624069273471832,0.0479130782186985,0.053557705134153366,0.05494818091392517,0.04793425276875496,0.052950114011764526,0.05363776534795761,0.048540521413087845,0.06419961154460907,0.36485040187835693,0.3977738320827484,0.29839643836021423,9297,,,,,97.20818328857422,0.09939031302928925,1.1044973134994507
166.0,112,,,0.40194058418273926,0.0010000000474974513,84964.0,838557.0,,,,,,,,,,,,,,,,,,,,,,,,,,,,,,,,,,,,,,,,,9461,7.102372646331787,92.89228820800781,0.19676564633846283,1.2174586057662964,,,
,114,95.00611877441406,0.14631111919879913,,,,,0.05626532807946205,0.05270769074559212,0.037961870431900024,0.38998720049858093,0.04514215886592865,0.053963497281074524,0.05599561333656311,0.04441627860069275,0.021399537101387978,0.024993441998958588,0.05358003079891205,0.039712391793727875,0.042021483182907104,0.04313938319683075,0.026581594720482826,0.029586901888251305,0.047113172709941864,0.03228357434272766,0.38042786717414856,0.07638560235500336,0.0929022878408432,0.06371769309043884,3.387563467025757,0.04424980282783508,0.06655559688806534,0.06558684259653091,0.03862668201327324,0.05716883763670921,0.056090354919433594,0.04779982566833496,0.053445372730493546,0.05480489134788513,0.04775048792362213,0.05294019728899002,0.05349158123135567,0.04850507527589798,0.0642952173948288,0.3585134744644165,0.3913356363773346,0.29409414529800415,9463,,,,,94.8139419555664,0.15013082325458527,1.161986231803894
166.0,114,,,0.4044167995452881,0.0010000000474974513,84964.0,838557.0,,,,,,,,,,,,,,,,,,,,,,,,,,,,,,,,,,,,,,,,,9627,7.072525978088379,93.66084289550781,0.18265242874622345,1.2003971338272095,,,
,116,98.28162384033203,0.07561692595481873,,,,,0.05594347044825554,0.05245942249894142,0.037966229021549225,0.385092556476593,0.044847272336483,0.05408129468560219,0.05607310310006142,0.04415054991841316,0.021135693415999413,0.024765940383076668,0.05355384573340416,0.039473384618759155,0.04198244959115982,0.042944714426994324,0.026471450924873352,0.0293950866907835,0.046903785318136215,0.032124996185302734,0.37407219409942627,0.07669111341238022,0.09348223358392715,0.06267428398132324,3.3950376510620117,0.044123902916908264,0.06706695258617401,0.06599301099777222,0.03840484097599983,0.056959640234708786,0.055787343531847,0.04774336889386177,0.05341719463467598,0.0547134093940258,0.04780058562755585,0.05309758707880974,0.05350518599152565,0.04841575026512146,0.06436189264059067,0.3520802855491638,0.3849930465221405,0.28994932770729065,9629,,,,,98.16673278808594,0.07962758094072342,1.0828837156295776
166.0,116,,,0.4056065082550049,0.0010000000474974513,84964.0,838557.0,,,,,,,,,,,,,,,,,,,,,,,,,,,,,,,,,,,,,,,,,9793,7.098440647125244,93.92448425292969,0.17487733066082,1.1911001205444336,,,
,118,95.19914245605469,0.13983097672462463,,,,,0.05560162290930748,0.05212801694869995,0.03798661008477211,0.3805121183395386,0.044525474309921265,0.053996726870536804,0.05614319443702698,0.04378364235162735,0.020881256088614464,0.02446824684739113,0.05351489409804344,0.03916538134217262,0.041776128113269806,0.04276290908455849,0.026358095929026604,0.029135365039110184,0.04650963097810745,0.032036785036325455,0.3677883744239807,0.0768226832151413,0.09381764382123947,0.06144522503018379,3.4048521518707275,0.04397447034716606,0.06764121353626251,0.06643303483724594,0.03813500329852104,0.05681324377655983,0.05561197176575661,0.04774286225438118,0.0535455122590065,0.054705195128917694,0.04780415818095207,0.05313559249043465,0.053454622626304626,0.04824410378932953,0.06437516957521439,0.3457384407520294,0.37875041365623474,0.2859021723270416,9795,,,,,94.96515655517578,0.14485765993595123,1.1558749675750732
166.0,118,,,0.41385650634765625,0.0010000000474974513,84964.0,838557.0,,,,,,,,,,,,,,,,,,,,,,,,,,,,,,,,,,,,,,,,,9959,6.810279846191406,93.82091522216797,0.17651119828224182,1.1930477619171143,,,
,120,98.44169616699219,0.07216912508010864,,,,,0.055261481553316116,0.051817335188388824,0.03817577287554741,0.37560874223709106,0.044216547161340714,0.05406259745359421,0.05622491613030434,0.043666232377290726,0.020645814016461372,0.024223599582910538,0.05350792035460472,0.03884075582027435,0.04153486713767052,0.042510710656642914,0.026267509907484055,0.02899019792675972,0.04625638946890831,0.0318777821958065,0.3616548180580139,0.07677336782217026,0.09408916532993317,0.06018000468611717,3.4087579250335693,0.043800972402095795,0.06834972649812698,0.06704994291067123,0.037898749113082886,0.05663132295012474,0.05533161386847496,0.0476815290749073,0.053559571504592896,0.0546223483979702,0.04762266203761101,0.05312252417206764,0.0533340685069561,0.04816313087940216,0.06436143070459366,0.3394720256328583,0.37260890007019043,0.28186482191085815,9961,,,,,98.35360717773438,0.0754513218998909,1.0783706903457642
166.0,120,,,0.486602783203125,0.0010000000474974513,84964.0,838557.0,,,,,,,,,,,,,,,,,,,,,,,,,,,,,,,,,,,,,,,,,10125,7.509413719177246,93.78913879394531,0.17863282561302185,1.1955816745758057,,,
,122,87.99256134033203,0.29432833194732666,,,,,0.054953936487436295,0.0515364408493042,0.03803803771734238,0.3711754083633423,0.04395482316613197,0.05418941006064415,0.056369226425886154,0.04337014630436897,0.020412040874361992,0.02385610155761242,0.05347326397895813,0.03911659121513367,0.04166953265666962,0.04245813935995102,0.026149271056056023,0.028922565281391144,0.04603887349367142,0.0317988246679306,0.3556898236274719,0.07681718468666077,0.09427405893802643,0.059504732489585876,3.4105122089385986,0.04373177886009216,0.06902538239955902,0.06769920885562897,0.037833236157894135,0.056653935462236404,0.05518261715769768,0.047655995935201645,0.05379150062799454,0.05469278618693352,0.04759638383984566,0.05309363454580307,0.053222812712192535,0.04807610809803009,0.06468049436807632,0.3332287669181824,0.3665854334831238,0.2779873013496399,10127,,,,,87.76290893554688,0.30107665061950684,1.3513128757476807
166.0,122,,,0.40335559844970703,0.0010000000474974513,84964.0,838557.0,,,,,,,,,,,,,,,,,,,,,,,,,,,,,,,,,,,,,,,,,10291,7.089646339416504,94.15046691894531,0.16831055283546448,1.1833040714263916,,,
,124,98.84774780273438,0.06354090571403503,,,,,0.05465199798345566,0.05131633207201958,0.03790606930851936,0.3669605851173401,0.04366147890686989,0.054338473826646805,0.05659591034054756,0.04323514923453331,0.02020588144659996,0.023542165756225586,0.05337753891944885,0.038700733333826065,0.04136284068226814,0.04224925488233566,0.02607075124979019,0.028707141056656837,0.04577923193573952,0.03174431994557381,0.3498505651950836,0.07676471769809723,0.09464506059885025,0.05865701287984848,3.4124953746795654,0.043634623289108276,0.06977090239524841,0.06829845160245895,0.03755761310458183,0.05649355798959732,0.05500300973653793,0.04777663201093674,0.05384508892893791,0.054713066667318344,0.04751738905906677,0.05331837385892868,0.05324938893318176,0.048195499926805496,0.0647125318646431,0.32720687985420227,0.36066219210624695,0.2747415602207184,10293,,,,,98.79161834716797,0.06589095294475555,1.0681102275848389
166.0,124,,,0.4068481922149658,0.0010000000474974513,84964.0,838557.0,,,,,,,,,,,,,,,,,,,,,,,,,,,,,,,,,,,,,,,,,10457,7.087998867034912,93.7491226196289,0.1759721040725708,1.192404866218567,,,
,126,97.5695571899414,0.08509218692779541,,,,,0.05434577539563179,0.0510077066719532,0.03799810633063316,0.362505167722702,0.0433640256524086,0.05438443273305893,0.05670807883143425,0.0430908277630806,0.01991824433207512,0.02333301305770874,0.05339930206537247,0.03875565528869629,0.041397642344236374,0.04212873429059982,0.026046201586723328,0.028734778985381126,0.0455242395401001,0.031599126756191254,0.3441370725631714,0.07683631777763367,0.09510242938995361,0.05783464387059212,3.4114649295806885,0.04348650202155113,0.07026947289705276,0.0687289908528328,0.03730631247162819,0.056554265320301056,0.054881662130355835,0.04776992276310921,0.05391320958733559,0.054711293429136276,0.04761090502142906,0.05324419587850571,0.05305590108036995,0.0479561910033226,0.06458157300949097,0.32136309146881104,0.35483595728874207,0.27084067463874817,10459,,,,,97.42999267578125,0.0889376625418663,1.0930124521255493
166.0,126,,,0.41043829917907715,0.0010000000474974513,84964.0,838557.0,,,,,,,,,,,,,,,,,,,,,,,,,,,,,,,,,,,,,,,,,10623,7.007983207702637,94.4706039428711,0.1595679670572281,1.173003911972046,,,
,128,94.98728942871094,0.14021822810173035,,,,,0.05402858927845955,0.05072731152176857,0.037858255207538605,0.35822251439094543,0.043109793215990067,0.054354097694158554,0.05673997849225998,0.04281638190150261,0.019702725112438202,0.022992223501205444,0.053308382630348206,0.03846268728375435,0.04128894582390785,0.042055100202560425,0.026071874424815178,0.028825800865888596,0.04532219469547272,0.03147207945585251,0.3384000062942505,0.07665408402681351,0.0952630415558815,0.056947726756334305,3.418572425842285,0.04341241344809532,0.07079853862524033,0.0691567063331604,0.037084177136421204,0.05648208037018776,0.054711759090423584,0.04784933850169182,0.05390853434801102,0.054641153663396835,0.04745465889573097,0.05330276116728783,0.05303218960762024,0.0481017529964447,0.06479349732398987,0.31531476974487305,0.3491058051586151,0.26864421367645264,10625,,,,,94.77161407470703,0.14537756145000458,1.1564761400222778
166.0,128,,,0.40520524978637695,0.0010000000474974513,84964.0,838557.0,,,,,,,,,,,,,,,,,,,,,,,,,,,,,,,,,,,,,,,,,10789,8.7197904586792,94.12339782714844,0.1650669127702713,1.1794720888137817,,,
,130,96.22663879394531,0.11167482286691666,,,,,0.053724147379398346,0.050432778894901276,0.037855323404073715,0.3538553714752197,0.04283708706498146,0.05462804064154625,0.05714048072695732,0.04273689538240433,0.019573677331209183,0.0227378960698843,0.05336202681064606,0.038312509655952454,0.041154634207487106,0.04191994667053223,0.026052337139844894,0.028747156262397766,0.04514983668923378,0.0313652940094471,0.33281460404396057,0.07649248838424683,0.09537038952112198,0.05603507161140442,3.4175024032592773,0.04334516078233719,0.07113269716501236,0.06964858621358871,0.03693760186433792,0.056348226964473724,0.05457570031285286,0.04774364084005356,0.05395516753196716,0.054568927735090256,0.047600869089365005,0.053288400173187256,0.05289982259273529,0.04808550328016281,0.06479711830615997,0.3095357120037079,0.343484103679657,0.26523882150650024,10791,,,,,96.03282928466797,0.11619219928979874,1.1232117414474487
166.0,130,,,0.4073629379272461,0.0010000000474974513,84964.0,838557.0,,,,,,,,,,,,,,,,,,,,,,,,,,,,,,,,,,,,,,,,,10955,7.126739501953125,94.36702728271484,0.16480989754199982,1.179168939590454,,,
,132,98.98898315429688,0.060807496309280396,,,,,0.05340641736984253,0.05017196759581566,0.03793429210782051,0.34974583983421326,0.042553145438432693,0.0544763021171093,0.057040438055992126,0.04255932569503784,0.019484546035528183,0.022515228018164635,0.05338721349835396,0.03812352567911148,0.041006430983543396,0.04170166328549385,0.02601078897714615,0.02857918106019497,0.045009516179561615,0.03129100799560547,0.3273904323577881,0.07624278217554092,0.09544384479522705,0.055200859904289246,3.412074565887451,0.043275102972984314,0.07195820659399033,0.07050392031669617,0.036721158772706985,0.05620823800563812,0.0543830543756485,0.0477987639605999,0.053855281323194504,0.054476454854011536,0.0475456602871418,0.0534767210483551,0.05298656225204468,0.04799940064549446,0.06481924653053284,0.3038868010044098,0.3379534184932709,0.26200583577156067,10957,,,,,98.88606262207031,0.06317314505577087,1.065211296081543
166.0,132,,,0.40867042541503906,0.0010000000474974513,84964.0,838557.0,,,,,,,,,,,,,,,,,,,,,,,,,,,,,,,,,,,,,,,,,11121,7.097182273864746,94.79073333740234,0.15021580457687378,1.1620850563049316,,,
,134,97.28473663330078,0.09134849160909653,,,,,0.053091563284397125,0.049910545349121094,0.037610456347465515,0.34588828682899475,0.04226979240775108,0.05428497865796089,0.05699837580323219,0.04220552369952202,0.019293734803795815,0.022361014038324356,0.05334117263555527,0.03815899044275284,0.0410752072930336,0.04157116264104843,0.025954514741897583,0.02853722870349884,0.04478026553988457,0.031256355345249176,0.32193467020988464,0.07604430615901947,0.0956205353140831,0.054249975830316544,3.4147305488586426,0.0431441031396389,0.07241791486740112,0.07082162797451019,0.03662879019975662,0.05602997541427612,0.054185252636671066,0.04776631295681,0.054015081375837326,0.05449288338422775,0.04746051877737045,0.053563058376312256,0.05300237610936165,0.047971151769161224,0.06493594497442245,0.29813525080680847,0.33250391483306885,0.2584344148635864,11123,,,,,97.10681915283203,0.09459599107503891,1.0992145538330078
166.0,134,,,0.4104797840118408,0.0010000000474974513,84964.0,838557.0,,,,,,,,,,,,,,,,,,,,,,,,,,,,,,,,,,,,,,,,,11287,7.118906021118164,94.45765686035156,0.16485603153705597,1.1792234182357788,,,
,136,90.92086029052734,0.2303895354270935,,,,,0.05275373533368111,0.04964246228337288,0.03769386559724808,0.3417232036590576,0.0420062281191349,0.05450335517525673,0.057253219187259674,0.04207909107208252,0.019066451117396355,0.02218000590801239,0.05337800830602646,0.038077179342508316,0.040994007140398026,0.041362665593624115,0.02602342516183853,0.02859305590391159,0.0446302630007267,0.03109639324247837,0.3166658580303192,0.07578086853027344,0.09573249518871307,0.05293792858719826,3.407320737838745,0.042988404631614685,0.07288366556167603,0.07131949812173843,0.03627132996916771,0.05585697665810585,0.05391735956072807,0.047673121094703674,0.054119981825351715,0.05452001094818115,0.04743263125419617,0.05341858044266701,0.05279819294810295,0.04793579876422882,0.06517904996871948,0.2925000488758087,0.3271670341491699,0.2578815817832947,11289,,,,,90.77164459228516,0.2345341444015503,1.264319658279419
166.0,136,,,0.4031367301940918,0.0010000000474974513,84964.0,838557.0,,,,,,,,,,,,,,,,,,,,,,,,,,,,,,,,,,,,,,,,,11453,7.141313552856445,95.092041015625,0.1431722491979599,1.153928518295288,,,
,138,97.05404663085938,0.09324198961257935,,,,,0.05246809870004654,0.04941669851541519,0.03768639639019966,0.3378845751285553,0.0417499803006649,0.05446803942322731,0.05738645792007446,0.041888948529958725,0.01894771307706833,0.022004881873726845,0.05327947065234184,0.03811956197023392,0.041080012917518616,0.04130956903100014,0.025971420109272003,0.028490770608186722,0.044420480728149414,0.031065257266163826,0.31145381927490234,0.07563624531030655,0.09601018577814102,0.052514977753162384,3.4088237285614014,0.04293470084667206,0.07321437448263168,0.07165715843439102,0.03615599125623703,0.05584672838449478,0.053814683109521866,0.04779784753918648,0.05391748622059822,0.054325442761182785,0.047387346625328064,0.053677432239055634,0.05296800285577774,0.04792977124452591,0.06508209556341171,0.28711795806884766,0.32189664244651794,0.2543641924858093,11455,,,,,96.91815948486328,0.09657250344753265,1.1013894081115723
166.0,138,,,0.4816000461578369,0.0010000000474974513,84964.0,838557.0,,,,,,,,,,,,,,,,,,,,,,,,,,,,,,,,,,,,,,,,,11619,7.641995906829834,93.09355163574219,0.1912655234336853,1.2107808589935303,,,
,140,92.46269226074219,0.19354431331157684,,,,,0.05222658812999725,0.04916021600365639,0.037576645612716675,0.33403095602989197,0.04150455445051193,0.05470754951238632,0.05775948613882065,0.04183279722929001,0.018671493977308273,0.021793333813548088,0.05336437001824379,0.03807990998029709,0.04114329069852829,0.04129941761493683,0.025981051847338676,0.028604693710803986,0.04419467970728874,0.031085960566997528,0.3063293695449829,0.0757628083229065,0.09639929980039597,0.05188315361738205,3.3873658180236816,0.04281248524785042,0.07392814010381699,0.07228215783834457,0.035962652415037155,0.05585412681102753,0.053773313760757446,0.0478709451854229,0.053900379687547684,0.05425584688782692,0.04718633368611336,0.05386484041810036,0.05304386466741562,0.04797675833106041,0.0655769631266594,0.281668096780777,0.3167608082294464,0.25066882371902466,11621,,,,,92.02236938476562,0.20130960643291473,1.2230033874511719
166.0,140,,,0.42822265625,0.0010000000474974513,84964.0,838557.0,,,,,,,,,,,,,,,,,,,,,,,,,,,,,,,,,,,,,,,,,11785,7.236720561981201,95.15795135498047,0.14311762154102325,1.1538655757904053,,,
,142,93.7314682006836,0.1590307652950287,,,,,0.051917482167482376,0.048874255269765854,0.037526100873947144,0.3303896486759186,0.04124139994382858,0.05462682992219925,0.05772817134857178,0.0415385477244854,0.018581634387373924,0.021748188883066177,0.05328260362148285,0.037968460470438004,0.04103709012269974,0.04110683500766754,0.026043454185128212,0.02869301848113537,0.044060565531253815,0.031000224873423576,0.30127498507499695,0.0758335143327713,0.09659643471240997,0.051344309002161026,3.3843464851379395,0.042739540338516235,0.07414085417985916,0.07257280498743057,0.03587452322244644,0.05600863695144653,0.05375821515917778,0.04780586063861847,0.054070860147476196,0.05426685884594917,0.047203429043293,0.05375346913933754,0.052855219691991806,0.047951262444257736,0.06505350023508072,0.27663031220436096,0.3116707503795624,0.24772483110427856,11787,,,,,93.537109375,0.16282688081264496,1.1768330335617065
166.0,142,,,0.4014158248901367,0.0010000000474974513,84964.0,838557.0,,,,,,,,,,,,,,,,,,,,,,,,,,,,,,,,,,,,,,,,,11951,7.025241374969482,94.98611450195312,0.14982569217681885,1.1616318225860596,,,
,144,99.34913635253906,0.038946732878685,,,,,0.05161167308688164,0.048604816198349,0.03758837282657623,0.32698744535446167,0.040956396609544754,0.05463065952062607,0.057868149131536484,0.04139542207121849,0.018374666571617126,0.02155322954058647,0.05327573046088219,0.03792411461472511,0.04107020050287247,0.041006069630384445,0.025904163718223572,0.02866329438984394,0.04391977936029434,0.030847402289509773,0.29651185870170593,0.07536827772855759,0.09653947502374649,0.05024100840091705,3.3788578510284424,0.04257992282509804,0.07455498725175858,0.07296478003263474,0.03564506024122238,0.05585062876343727,0.05354273319244385,0.047685906291007996,0.05419448763132095,0.05436152592301369,0.047249533236026764,0.05381733551621437,0.05280647426843643,0.047931138426065445,0.06460748612880707,0.2716684639453888,0.3066743314266205,0.24818052351474762,11953,,,,,99.31656646728516,0.040570516139268875,1.0414047241210938
166.0,144,,,0.41004443168640137,0.0010000000474974513,84964.0,838557.0,,,,,,,,,,,,,,,,,,,,,,,,,,,,,,,,,,,,,,,,,12117,7.096553802490234,94.5624008178711,0.15740248560905457,1.1704665422439575,,,
,146,98.66767120361328,0.056211795657873154,,,,,0.05134223774075508,0.04835440218448639,0.03745108097791672,0.3232020437717438,0.040706388652324677,0.054760366678237915,0.058046016842126846,0.041367944329977036,0.018320349976420403,0.021420147269964218,0.0532815083861351,0.03775602951645851,0.041151437908411026,0.04082489386200905,0.02600661665201187,0.028613369911909103,0.04367098584771156,0.030843200162053108,0.2915710210800171,0.07530690729618073,0.09671922028064728,0.04966280609369278,3.371133327484131,0.042531099170446396,0.07507920265197754,0.07367570698261261,0.035533614456653595,0.055843938142061234,0.05339802801609039,0.0476662740111351,0.054241664707660675,0.0543491467833519,0.0471850223839283,0.053918443620204926,0.05282995104789734,0.04788479954004288,0.06478532403707504,0.26648589968681335,0.3017808794975281,0.24483057856559753,12119,,,,,98.5894775390625,0.058490023016929626,1.0602344274520874
166.0,146,,,0.41482090950012207,0.0010000000474974513,84964.0,838557.0,,,,,,,,,,,,,,,,,,,,,,,,,,,,,,,,,,,,,,,,,12283,7.120067596435547,95.70053100585938,0.1287187933921814,1.1373703479766846,,,
,148,96.67977142333984,0.09992469847202301,,,,,0.05107724294066429,0.0481923371553421,0.03749817609786987,0.3199577033519745,0.04047590121626854,0.054771896451711655,0.05827126279473305,0.04120273515582085,0.018175292760133743,0.021294528618454933,0.05328311026096344,0.037720248103141785,0.04125448688864708,0.04071194306015968,0.026040775701403618,0.028696835041046143,0.04348798096179962,0.0307338684797287,0.2867789566516876,0.07547468692064285,0.09695661067962646,0.04894286021590233,3.376711130142212,0.0425177700817585,0.07552935183048248,0.07413126528263092,0.03545907512307167,0.05589500069618225,0.05338290333747864,0.04779478535056114,0.05412905290722847,0.05427712947130203,0.04709545522928238,0.05418284237384796,0.05294480919837952,0.048058461397886276,0.06464380025863647,0.2616133987903595,0.2969382107257843,0.24171669781208038,12285,,,,,96.4158706665039,0.10422311723232269,1.1098480224609375
166.0,148,,,0.4065396785736084,0.0010000000474974513,84964.0,838557.0,,,,,,,,,,,,,,,,,,,,,,,,,,,,,,,,,,,,,,,,,12449,7.026264190673828,95.40393829345703,0.134964257478714,1.1444958448410034,,,
,150,99.20083618164062,0.04438413679599762,,,,,0.05080534890294075,0.047981686890125275,0.03736809268593788,0.31655099987983704,0.040215592831373215,0.05469924584031105,0.05839415267109871,0.040961239486932755,0.01801668107509613,0.02112685516476631,0.05318276956677437,0.03763733059167862,0.04118660092353821,0.040692273527383804,0.025917358696460724,0.02856782265007496,0.04325380176305771,0.030606046319007874,0.28214120864868164,0.07560557126998901,0.09721900522708893,0.04822841286659241,3.3762595653533936,0.04244853928685188,0.07558827847242355,0.07433294504880905,0.035190559923648834,0.056021835654973984,0.053378134965896606,0.04781302437186241,0.05424994230270386,0.054302018135786057,0.04714316874742508,0.05410124361515045,0.052861325442790985,0.0479663722217083,0.06460036337375641,0.25667113065719604,0.2921842038631439,0.2389802783727646,12451,,,,,99.14889526367188,0.046121157705783844,1.0472012758255005
166.0,150,,,0.4028360843658447,0.0010000000474974513,84964.0,838557.0,,,,,,,,,,,,,,,,,,,,,,,,,,,,,,,,,,,,,,,,,12615,7.055642604827881,94.224609375,0.16537368297576904,1.1798338890075684,,,
166.0,152,,,0.4713311195373535,0.0010000000474974513,84964.0,838557.0,,,,,,,,,,,,,,,,,,,,,,,,,,,,,,,,,,,,,,,,,12781,7.147357940673828,95.0696792602539,0.14239788055419922,1.1530354022979736,,,
,154,99.37385559082031,0.03938894346356392,,,,,0.050359372049570084,0.047577690333127975,0.03742450848221779,0.3100045919418335,0.03978418558835983,0.05489841848611832,0.05871685966849327,0.04095648229122162,0.017666464671492577,0.020806431770324707,0.05336057394742966,0.0376397967338562,0.041331496089696884,0.04049002379179001,0.026068642735481262,0.028780506923794746,0.04302559420466423,0.03052096627652645,0.27320659160614014,0.07544784247875214,0.0974259302020073,0.04689556732773781,3.348468542098999,0.042307186871767044,0.07667450606822968,0.07549826800823212,0.03513483330607414,0.055939193814992905,0.053228653967380524,0.047822944819927216,0.05441584438085556,0.05434320494532585,0.04713921248912811,0.05435947701334953,0.052963633090257645,0.04795937240123749,0.06444232165813446,0.2473677098751068,0.2829701006412506,0.2339150458574295,12783,,,,,99.31942749023438,0.04113307595252991,1.0419907569885254
166.0,154,,,0.4050312042236328,0.0010000000474974513,84964.0,838557.0,,,,,,,,,,,,,,,,,,,,,,,,,,,,,,,,,,,,,,,,,12947,7.142739772796631,94.46942138671875,0.15478982031345367,1.167412519454956,,,
166.0,156,,,0.44440197944641113,0.0010000000474974513,84964.0,838557.0,,,,,,,,,,,,,,,,,,,,,,,,,,,,,,,,,,,,,,,,,13113,6.974371910095215,95.34626770019531,0.13699039816856384,1.1468170881271362,,,
,158,99.52803802490234,0.033543072640895844,,,,,0.04988222196698189,0.04724714905023575,0.037480760365724564,0.3037542998790741,0.03934374079108238,0.05535123497247696,0.059261828660964966,0.04071629047393799,0.01752736046910286,0.02072405442595482,0.05354134365916252,0.037515684962272644,0.041477520018815994,0.04049481824040413,0.026173662394285202,0.028851604089140892,0.042656462639570236,0.030453726649284363,0.264392226934433,0.07501844316720963,0.09760583192110062,0.04549000412225723,3.33193302154541,0.04211260378360748,0.07732725888490677,0.07613351941108704,0.034811582416296005,0.05600997060537338,0.05325773358345032,0.0478709414601326,0.054737988859415054,0.05442206934094429,0.04710356891155243,0.05442950874567032,0.0529971569776535,0.047846753150224686,0.06438780575990677,0.23837319016456604,0.27405741810798645,0.23082424700260162,13115,,,,,99.41374969482422,0.035871587693691254,1.0365227460861206
166.0,158,,,0.4212954044342041,0.0010000000474974513,84964.0,838557.0,,,,,,,,,,,,,,,,,,,,,,,,,,,,,,,,,,,,,,,,,13279,7.101886749267578,95.09086608886719,0.1446116864681244,1.1555907726287842,,,
166.0,160,,,0.4169018268585205,0.0010000000474974513,84964.0,838557.0,,,,,,,,,,,,,,,,,,,,,,,,,,,,,,,,,,,,,,,,,13445,6.769330978393555,95.3015365600586,0.1339302808046341,1.1433130502700806,,,
,162,98.10154724121094,0.06740881502628326,,,,,0.049388062208890915,0.04684136435389519,0.03747008368372917,0.29771915078163147,0.03884361311793327,0.055262479931116104,0.0594220869243145,0.04058297351002693,0.01719585433602333,0.020500462502241135,0.053532712161540985,0.03765593096613884,0.0419483408331871,0.04032377898693085,0.026147499680519104,0.028871987015008926,0.04236682504415512,0.030328281223773956,0.2558780610561371,0.07506435364484787,0.09792738407850266,0.04430992528796196,3.315977096557617,0.0419008806347847,0.07749906182289124,0.07660891115665436,0.034485217183828354,0.056050289422273636,0.05321483314037323,0.04785768315196037,0.05492651090025902,0.05444031208753586,0.047224875539541245,0.05459655821323395,0.05295160040259361,0.047846466302871704,0.06441530585289001,0.22959968447685242,0.2654307782649994,0.2257061004638672,13447,,,,,98.05760955810547,0.06845561414957047,1.0708531141281128
