batches_per_epoch,epoch,full_train_acc,full_train_loss,fwd_time_in_epoch,learning_rate,len_train_ds,len_val_ds,paramnorm_embedding.weight,paramnorm_linear.weight,paramnorm_lstm.bias_hh_l0,paramnorm_lstm.bias_hh_l1,paramnorm_lstm.bias_ih_l0,paramnorm_lstm.bias_ih_l1,paramnorm_lstm.weight_hh_l0,paramnorm_lstm.weight_hh_l1,paramnorm_lstm.weight_ih_l0,paramnorm_lstm.weight_ih_l1,step,time_per_epoch,train_accuracy,train_loss,train_perplexity,val_accuracy,val_loss,val_perplexity
,16384,100.0,2.3682201089059163e-08,,,,,1.0498157739639282,1.0236040353775024,0.1188020184636116,0.17246194183826447,0.12217766791582108,0.1676315814256668,0.18990808725357056,0.212822824716568,0.15957848727703094,0.19532814621925354,81929,,,,,2.1679065227508545,7.406730651855469,1647.0328369140625
10.0,16385,,,0.009717941284179688,0.0010000000474974513,4704.0,4705.0,,,,,,,,,,,81939,0.08297991752624512,100.0,2.353014671996334e-08,1.0,,,
10.0,16549,,,0.00856328010559082,0.0010000000474974513,4704.0,4705.0,,,,,,,,,,,82759,0.06224703788757324,100.0,2.4619858152163943e-08,1.0,,,
,16711,100.0,2.2959950385370576e-08,,,,,1.0499250888824463,1.0391064882278442,0.11906341463327408,0.1743692010641098,0.12239672243595123,0.16950154304504395,0.19035878777503967,0.21319535374641418,0.15994463860988617,0.19588881731033325,83561,,,,,2.380446195602417,7.412104606628418,1655.90771484375
10.0,16715,,,0.008562088012695312,0.0010000000474974513,4704.0,4705.0,,,,,,,,,,,83589,0.06154465675354004,100.0,2.3694870066037765e-08,1.0,,,
10.0,16883,,,0.008541584014892578,0.0010000000474974513,4704.0,4705.0,,,,,,,,,,,84429,0.06248903274536133,100.0,2.345412042359385e-08,1.0,,,
,17045,100.0,2.6444489265031734e-08,,,,,1.0500363111495972,1.0554423332214355,0.11935697495937347,0.17605306208133698,0.12267174571752548,0.17117485404014587,0.1908394694328308,0.21357570588588715,0.16031697392463684,0.19648998975753784,85231,,,,,2.380446195602417,7.4073615074157715,1648.0721435546875
10.0,17051,,,0.00867605209350586,0.0010000000474974513,4704.0,4705.0,,,,,,,,,,,85269,0.06360411643981934,100.0,2.467054116550571e-08,1.0,,,
10.0,17221,,,0.008660316467285156,0.0010000000474974513,4704.0,4705.0,,,,,,,,,,,86119,0.06148195266723633,100.0,5.653974767483305e-06,1.0000057220458984,,,
,17385,100.0,1.6155594195765843e-08,,,,,1.0503469705581665,1.0808621644973755,0.11930274218320847,0.1725304126739502,0.12235629558563232,0.1677069514989853,0.1918577253818512,0.2142355889081955,0.16128115355968475,0.19724780321121216,86931,,,,,2.252922296524048,8.214479446411133,3694.052734375
10.0,17393,,,0.008667707443237305,0.0010000000474974513,4704.0,4705.0,,,,,,,,,,,86979,0.0622258186340332,100.0,1.5154579813270175e-08,1.0,,,
10.0,17567,,,0.008500337600708008,0.0010000000474974513,4704.0,4705.0,,,,,,,,,,,87849,0.051722049713134766,100.0,1.8981239691129304e-08,1.0,,,
,17733,100.0,2.562087253465961e-08,,,,,1.050389289855957,1.0936533212661743,0.11976450681686401,0.17892353236675262,0.12303461879491806,0.17395062744617462,0.1922178715467453,0.21445415914058685,0.16145513951778412,0.19758674502372742,88671,,,,,2.1679065227508545,7.345251083374023,1548.82373046875
10.0,17743,,,0.008533477783203125,0.0010000000474974513,4704.0,4705.0,,,,,,,,,,,88729,0.062296152114868164,100.0,2.1325384125248092e-08,1.0,,,
10.0,17921,,,0.008715152740478516,0.0010000000474974513,4704.0,4705.0,,,,,,,,,,,89619,0.0631265640258789,100.0,2.4657872188527108e-08,1.0,,,
,18087,99.7448959350586,0.004524916410446167,,,,,1.0507138967514038,1.1258227825164795,0.11979719251394272,0.17694604396820068,0.12326806038618088,0.1722257286310196,0.19324542582035065,0.21502448618412018,0.16232553124427795,0.1985505223274231,90441,,,,,2.231668472290039,8.315150260925293,4085.299560546875
10.0,18101,,,0.00856161117553711,0.0010000000474974513,4704.0,4705.0,,,,,,,,,,,90519,0.06232404708862305,100.0,3.6701338103739545e-05,1.0000367164611816,,,
10.0,18283,,,0.008614540100097656,0.0010000000474974513,4704.0,4705.0,,,,,,,,,,,91429,0.0524754524230957,100.0,2.66218833644416e-08,1.0,,,
,18449,100.0,8.306043127959128e-06,,,,,1.0510085821151733,1.1404361724853516,0.11981461942195892,0.17732349038124084,0.12326918542385101,0.17251382768154144,0.19396212697029114,0.21580947935581207,0.16298983991146088,0.19911979138851166,92251,,,,,2.5717320442199707,8.337778091430664,4178.79443359375
10.0,18465,,,0.00861501693725586,0.0010000000474974513,4704.0,4705.0,,,,,,,,,,,92339,0.05384707450866699,100.0,4.415327566675842e-06,1.0000044107437134,,,
10.0,18649,,,0.008467674255371094,0.0010000000474974513,4704.0,4705.0,,,,,,,,,,,93259,0.06220602989196777,100.0,1.4394317737753681e-08,1.0,,,
,18817,100.0,1.6713119777023167e-08,,,,,1.0510773658752441,1.1474615335464478,0.12033505737781525,0.18384312093257904,0.12366127967834473,0.17891889810562134,0.19417184591293335,0.21598881483078003,0.1630726456642151,0.19932667911052704,94091,,,,,2.252922296524048,7.369526386260986,1586.8819580078125
10.0,18835,,,0.00863027572631836,0.0010000000474974513,4704.0,4705.0,,,,,,,,,,,94189,0.06236672401428223,100.0,1.955143602572207e-08,1.0,,,
10.0,19023,,,0.008667469024658203,0.0010000000474974513,4704.0,4705.0,,,,,,,,,,,95129,0.06309652328491211,100.0,2.326405734720538e-08,1.0,,,
,19193,100.0,2.6203739622587818e-08,,,,,1.0511583089828491,1.164491057395935,0.12076770514249802,0.18774528801441193,0.12401720881462097,0.18266691267490387,0.19467155635356903,0.21633097529411316,0.1633615493774414,0.19987724721431732,95971,,,,,2.252922296524048,7.286621570587158,1460.627685546875
10.0,19213,,,0.008600950241088867,0.0010000000474974513,4704.0,4705.0,,,,,,,,,,,96079,0.062191009521484375,100.0,2.231372775440832e-08,1.0,,,
10.0,19405,,,0.008547544479370117,0.0010000000474974513,4704.0,4705.0,,,,,,,,,,,97039,0.06254124641418457,100.0,2.379623964543498e-08,1.0,,,
,19577,100.0,2.7242766265089813e-08,,,,,1.0512621402740479,1.183441400527954,0.1211867704987526,0.19027438759803772,0.1244080439209938,0.18514147400856018,0.1952219307422638,0.21673321723937988,0.16371473670005798,0.20053499937057495,97891,,,,,2.4654622077941895,7.298559665679932,1478.1693115234375
10.0,19599,,,0.008708477020263672,0.0010000000474974513,4704.0,4705.0,,,,,,,,,,,98009,0.06308627128601074,99.82992553710938,0.0029351236298680305,1.0029394626617432,,,
10.0,19795,,,0.008727550506591797,0.0010000000474974513,4704.0,4705.0,,,,,,,,,,,98989,0.05420494079589844,100.0,2.5848949647411246e-08,1.0,,,
,19969,100.0,2.023567446940433e-08,,,,,1.051569938659668,1.207788109779358,0.12133418023586273,0.19133387506008148,0.12457339465618134,0.18617944419384003,0.19602259993553162,0.21752747893333435,0.16441009938716888,0.20119692385196686,99851,,,,,2.4442081451416016,7.281352996826172,1452.9525146484375
10.0,19993,,,0.008640766143798828,0.0010000000474974513,4704.0,4705.0,,,,,,,,,,,99979,0.05941200256347656,100.0,1.9868213740892315e-08,1.0,,,
10.0,20193,,,0.008500814437866211,0.0010000000474974513,4704.0,4705.0,,,,,,,,,,,100979,0.062029361724853516,100.0,2.318802927447905e-08,1.0,,,
,20369,100.0,2.515204400310722e-08,,,,,1.0516657829284668,1.2265119552612305,0.12171465903520584,0.19495564699172974,0.12496627867221832,0.18969720602035522,0.19653579592704773,0.2178959846496582,0.16474004089832306,0.20177456736564636,101851,,,,,2.4867162704467773,7.226387977600098,1375.24609375
10.0,20395,,,0.00869894027709961,0.0010000000474974513,4704.0,4705.0,,,,,,,,,,,101989,0.06237483024597168,100.0,2.3023304152047785e-08,1.0,,,
10.0,20599,,,0.008570432662963867,0.0010000000474974513,4704.0,4705.0,,,,,,,,,,,103009,0.06241941452026367,100.0,3.417125640226004e-07,1.0000003576278687,,,
,20777,100.0,1.3076527416444605e-08,,,,,1.0520001649856567,1.2523608207702637,0.12210050225257874,0.194662407040596,0.12518416345119476,0.18949158489704132,0.197471022605896,0.21871285140514374,0.16557835042476654,0.2025606483221054,103891,,,,,2.4229543209075928,7.4205756187438965,1669.994384765625
10.0,20805,,,0.008753776550292969,0.0010000000474974513,4704.0,4705.0,,,,,,,,,,,104039,0.06306886672973633,100.0,1.7916871541956425e-08,1.0,,,
10.0,21013,,,0.009473800659179688,0.0010000000474974513,4704.0,4705.0,,,,,,,,,,,105079,0.06894445419311523,100.0,2.3340081867218032e-08,1.0,,,
,21193,100.0,2.1794214433157322e-08,,,,,1.0520700216293335,1.2710137367248535,0.12252019345760345,0.19973918795585632,0.12564025819301605,0.19440503418445587,0.19799748063087463,0.21900831162929535,0.16583916544914246,0.20316600799560547,105971,,,,,2.5717320442199707,7.194365978240967,1331.905517578125
10.0,21223,,,0.0087432861328125,0.0010000000474974513,4704.0,4705.0,,,,,,,,,,,106129,0.05271315574645996,100.0,2.3302067830854867e-08,1.0,,,
10.0,21435,,,0.008683443069458008,0.0010000000474974513,4704.0,4705.0,,,,,,,,,,,107189,0.06052088737487793,100.0,7.848411769373342e-07,1.0000008344650269,,,
,21617,100.0,1.364672552739421e-08,,,,,1.0523570775985718,1.297188401222229,0.12258480489253998,0.2000219225883484,0.12559348344802856,0.19476722180843353,0.19889947772026062,0.21988315880298615,0.1666412055492401,0.20400062203407288,108091,,,,,2.210414409637451,7.41015625,1652.6845703125
10.0,21649,,,0.008749008178710938,0.0010000000474974513,4704.0,4705.0,,,,,,,,,,,108259,0.06473660469055176,100.0,1.7511396777081245e-08,1.0,,,
10.0,21865,,,0.00850820541381836,0.0010000000474974513,4704.0,4705.0,,,,,,,,,,,109339,0.06235456466674805,100.0,2.2769885532625267e-08,1.0,,,
,22049,99.85118865966797,0.00381334125995636,,,,,1.052596092224121,1.3298481702804565,0.12262053787708282,0.2020796537399292,0.1257873773574829,0.19676007330417633,0.19973985850811005,0.2203637808561325,0.16725020110607147,0.20492585003376007,110251,,,,,2.529224157333374,8.122525215148926,3369.518798828125
10.0,22083,,,0.008600950241088867,0.0010000000474974513,4704.0,4705.0,,,,,,,,,,,110429,0.060440778732299805,100.0,1.1662125871225726e-05,1.000011682510376,,,
10.0,22303,,,0.008697986602783203,0.0010000000474974513,4704.0,4705.0,,,,,,,,,,,111529,0.0636909008026123,100.0,1.4343633836233494e-08,1.0,,,
,22489,100.0,2.562087253465961e-08,,,,,1.0526981353759766,1.3411527872085571,0.12305872142314911,0.20719891786575317,0.12625552713871002,0.2019336223602295,0.2001347839832306,0.22080440819263458,0.16747616231441498,0.20527076721191406,112451,,,,,2.529224157333374,7.143093109130859,1265.336181640625
10.0,22527,,,0.008601903915405273,0.0010000000474974513,4704.0,4705.0,,,,,,,,,,,112649,0.06309008598327637,100.0,2.237708152108553e-08,1.0,,,
10.0,22753,,,0.008511781692504883,0.0010000000474974513,4704.0,4705.0,,,,,,,,,,,113779,0.06225299835205078,100.0,2.32513848175131e-08,1.0,,,
,22939,100.0,2.1832226693163648e-08,,,,,1.0528093576431274,1.363261103630066,0.12339269369840622,0.21070384979248047,0.12662369012832642,0.20537695288658142,0.20071442425251007,0.22121940553188324,0.1678539663553238,0.20596376061439514,114701,,,,,2.359192371368408,7.126311779022217,1244.2794189453125
10.0,22981,,,0.008561134338378906,0.0010000000474974513,4704.0,4705.0,,,,,,,,,,,114919,0.0622553825378418,100.0,2.3276726324183983e-08,1.0,,,
10.0,23211,,,0.008861541748046875,0.0010000000474974513,4704.0,4705.0,,,,,,,,,,,116069,0.06319618225097656,100.0,2.3555490002991064e-08,1.0,,,
,23397,100.0,2.837048995729674e-08,,,,,1.0529382228851318,1.3868268728256226,0.12377472221851349,0.21329820156097412,0.12703262269496918,0.20796403288841248,0.20130854845046997,0.22167184948921204,0.16828027367591858,0.20670832693576813,116991,,,,,2.1466524600982666,7.120092391967773,1236.5645751953125
10.0,23443,,,0.008570671081542969,0.0010000000474974513,4704.0,4705.0,,,,,,,,,,,117229,0.06312823295593262,100.0,2.453116110245901e-08,1.0,,,
10.0,23677,,,0.008536815643310547,0.0010000000474974513,4704.0,4705.0,,,,,,,,,,,118399,0.0621180534362793,100.0,2.5088688460073172e-08,1.0,,,
,23865,100.0,2.8003029228784726e-08,,,,,1.05306875705719,1.4113973379135132,0.1241825670003891,0.21559825539588928,0.12745140492916107,0.21027104556560516,0.2019088864326477,0.22212710976600647,0.16871465742588043,0.20746149122714996,119331,,,,,2.252922296524048,7.125903129577637,1243.77099609375
10.0,23913,,,0.008633613586425781,0.0010000000474974513,4704.0,4705.0,,,,,,,,,,,119579,0.06290793418884277,100.0,2.4049660041214338e-08,1.0,,,
10.0,24153,,,0.008536338806152344,0.0010000000474974513,4704.0,4705.0,,,,,,,,,,,120779,0.05434393882751465,100.0,2.5709567808007705e-08,1.0,,,
,24343,100.0,2.010896338333623e-08,,,,,1.0532019138336182,1.4368267059326172,0.12459000200033188,0.21769137680530548,0.12784376740455627,0.2123817801475525,0.20250803232192993,0.22258520126342773,0.16916204988956451,0.20820899307727814,121721,,,,,2.1891603469848633,7.1349263191223145,1255.0445556640625
10.0,24395,,,0.008548498153686523,0.0010000000474974513,4704.0,4705.0,,,,,,,,,,,121989,0.06284523010253906,100.0,2.4708555201868876e-08,1.0,,,
10.0,24639,,,0.008591175079345703,0.0010000000474974513,4704.0,4705.0,,,,,,,,,,,123209,0.0623021125793457,100.0,2.4898621830971024e-08,1.0,,,
,24829,100.0,2.4417122546083192e-08,,,,,1.0533348321914673,1.463050365447998,0.12492191791534424,0.2196100354194641,0.12822502851486206,0.21431122720241547,0.2031065970659256,0.22304268181324005,0.16961075365543365,0.20895421504974365,124151,,,,,2.210414409637451,7.148586273193359,1272.3060302734375
10.0,24885,,,0.008611917495727539,0.0010000000474974513,4704.0,4705.0,,,,,,,,,,,124439,0.06230497360229492,100.0,2.6495166949302984e-08,1.0,,,
10.0,25133,,,0.008519887924194336,0.0010000000474974513,4704.0,4705.0,,,,,,,,,,,125679,0.05189085006713867,100.0,1.8588437455946405e-08,1.0,,,
,25325,100.0,1.781550196255921e-08,,,,,1.0536339282989502,1.4930821657180786,0.12521861493587494,0.2208716720342636,0.12840566039085388,0.21561375260353088,0.20412147045135498,0.2238386869430542,0.17049773037433624,0.20985335111618042,126631,,,,,2.4654622077941895,7.15419864654541,1279.4666748046875
10.0,25385,,,0.008617162704467773,0.0010000000474974513,4704.0,4705.0,,,,,,,,,,,126939,0.062073707580566406,100.0,1.8639120469288173e-08,1.0,,,
10.0,25639,,,0.008632659912109375,0.0010000000474974513,4704.0,4705.0,,,,,,,,,,,128209,0.06338977813720703,100.0,3.3921622843990917e-07,1.0000003576278687,,,
,25831,100.0,1.4014185367727805e-08,,,,,1.0538175106048584,1.5186653137207031,0.1253429502248764,0.22228464484214783,0.1284441202878952,0.2169739007949829,0.20502464473247528,0.22467325627803802,0.1712273210287094,0.21068887412548065,129161,,,,,2.8055260181427,7.278014659881592,1448.1102294921875
10.0,25895,,,0.00861501693725586,0.0010000000474974513,4704.0,4705.0,,,,,,,,,,,129489,0.06334757804870605,100.0,1.842371233351514e-08,1.0,,,
10.0,26153,,,0.008610248565673828,0.0010000000474974513,4704.0,4705.0,,,,,,,,,,,130779,0.06291747093200684,100.0,2.143942268162391e-08,1.0,,,
,26347,100.0,1.9640128812170587e-07,,,,,1.0540730953216553,1.554558515548706,0.12497665733098984,0.2214682251214981,0.12822704017162323,0.21625331044197083,0.20587697625160217,0.2255881428718567,0.172006294131279,0.21158668398857117,131741,,,,,2.7417640686035156,8.503149032592773,4930.27001953125
10.0,26415,,,0.008597612380981445,0.0010000000474974513,4704.0,4705.0,,,,,,,,,,,132089,0.06254005432128906,100.0,1.6991883455830248e-08,1.0,,,
10.0,26679,,,0.009432554244995117,0.0010000000474974513,4704.0,4705.0,,,,,,,,,,,133409,0.05906343460083008,100.0,1.9652803828762444e-08,1.0,,,
,26873,100.0,2.306131996476779e-08,,,,,1.0541107654571533,1.5731416940689087,0.12582561373710632,0.23028413951396942,0.12914524972438812,0.22493226826190948,0.20633092522621155,0.2257845550775528,0.1721748560667038,0.21201850473880768,134371,,,,,2.5717320442199707,7.0734333992004395,1180.1932373046875
10.0,26945,,,0.008525848388671875,0.0010000000474974513,4704.0,4705.0,,,,,,,,,,,134739,0.0619359016418457,100.0,5.894353671465069e-05,1.0000590085983276,,,
10.0,27215,,,0.00855255126953125,0.0010000000474974513,4704.0,4705.0,,,,,,,,,,,136089,0.06206941604614258,100.0,1.4901159417490817e-08,1.0,,,
,27411,100.0,9.534379387332592e-06,,,,,1.0546122789382935,1.6114482879638672,0.1258884221315384,0.22716905176639557,0.12918724119663239,0.22191333770751953,0.20755819976329803,0.22756600379943848,0.17338357865810394,0.2131696343421936,137061,,,,,2.7205100059509277,8.417725563049316,4526.59619140625
10.0,27487,,,0.00858163833618164,0.0010000000474974513,4704.0,4705.0,,,,,,,,,,,137449,0.06297087669372559,100.0,5.036853281126241e-07,1.0000005960464478,,,
10.0,27761,,,0.008511543273925781,0.0010000000474974513,4704.0,4705.0,,,,,,,,,,,138819,0.062453508377075195,100.0,1.8373029320173373e-08,1.0,,,
,27959,100.0,2.0539779654882295e-08,,,,,1.054643988609314,1.6264073848724365,0.12693411111831665,0.2363022416830063,0.13033857941627502,0.23094791173934937,0.2079400271177292,0.2277643233537674,0.17348170280456543,0.21360571682453156,139801,,,,,2.69925594329834,7.030679702758789,1130.7989501953125
10.0,28039,,,0.00851583480834961,0.0010000000474974513,4704.0,4705.0,,,,,,,,,,,140209,0.06271743774414062,100.0,2.1350725631918976e-08,1.0,,,
10.0,28319,,,0.00858163833618164,0.0010000000474974513,4704.0,4705.0,,,,,,,,,,,141609,0.061017513275146484,100.0,2.3238712287820817e-08,1.0,,,
,28519,100.0,2.474656923823204e-08,,,,,1.0547518730163574,1.6553457975387573,0.12739863991737366,0.2406531125307083,0.13087253272533417,0.2352561205625534,0.20854972302913666,0.22820718586444855,0.17386026680469513,0.21435539424419403,142601,,,,,2.678002119064331,7.0258893966674805,1125.39501953125
10.0,28603,,,0.008604764938354492,0.0010000000474974513,4704.0,4705.0,,,,,,,,,,,143029,0.0630795955657959,100.0,2.3555490002991064e-08,1.0,,,
10.0,28889,,,0.008543014526367188,0.0010000000474974513,4704.0,4705.0,,,,,,,,,,,144459,0.06260275840759277,100.0,2.304864565871867e-08,1.0,,,
,29089,100.0,9.102135663852096e-06,,,,,1.0550371408462524,1.7008427381515503,0.1275833398103714,0.2385905236005783,0.13091282546520233,0.23318323493003845,0.20968259871006012,0.22932597994804382,0.17475168406963348,0.21550047397613525,145451,,,,,2.678002119064331,8.273855209350586,3920.03271484375
10.0,29177,,,0.008530855178833008,0.0010000000474974513,4704.0,4705.0,,,,,,,,,,,145899,0.052252769470214844,100.0,2.934991414349497e-07,1.0000003576278687,,,
10.0,29469,,,0.008495330810546875,0.0010000000474974513,4704.0,4705.0,,,,,,,,,,,147359,0.051465749740600586,100.0,2.162692453566706e-06,1.000002145767212,,,
,29671,100.0,1.1099843710837831e-08,,,,,1.0553251504898071,1.7157444953918457,0.12810522317886353,0.24126620590686798,0.1315639168024063,0.23595477640628815,0.21038806438446045,0.23029309511184692,0.1753586232662201,0.2161770910024643,148361,,,,,2.7630178928375244,7.4878363609313965,1786.1832275390625
10.0,29763,,,0.0087890625,0.0010000000474974513,4704.0,4705.0,,,,,,,,,,,148829,0.05482959747314453,100.0,1.7219960568581882e-08,1.0,,,
10.0,30061,,,0.008528470993041992,0.0010000000474974513,4704.0,4705.0,,,,,,,,,,,150319,0.06273126602172852,100.0,2.078052929732621e-08,1.0,,,
,30265,100.0,2.1553463014356566e-08,,,,,1.0553795099258423,1.742885947227478,0.12871456146240234,0.2501576542854309,0.13228705525398254,0.24479618668556213,0.21096163988113403,0.23058290779590607,0.17560306191444397,0.21683469414710999,151331,,,,,2.5717320442199707,7.015812397003174,1114.111328125
10.0,30361,,,0.008681058883666992,0.0010000000474974513,4704.0,4705.0,,,,,,,,,,,151819,0.05304718017578125,100.0,1.6891628547455184e-05,1.0000169277191162,,,
10.0,30665,,,0.008517742156982422,0.0010000000474974513,4704.0,4705.0,,,,,,,,,,,153339,0.06267881393432617,100.0,1.5496699035111305e-08,1.0,,,
,30871,100.0,2.1756200396794156e-08,,,,,1.0555737018585205,1.7773634195327759,0.12907561659812927,0.25384581089019775,0.13260936737060547,0.24850738048553467,0.2116987705230713,0.2317294478416443,0.17627406120300293,0.2177404761314392,154361,,,,,2.550478219985962,7.003849983215332,1100.86328125
10.0,30971,,,0.00848388671875,0.0010000000474974513,4704.0,4705.0,,,,,,,,,,,154869,0.06218075752258301,100.0,2.192092374286858e-08,1.0,,,
10.0,31281,,,0.008989095687866211,0.0010000000474974513,4704.0,4705.0,,,,,,,,,,,156419,0.05409741401672363,100.0,2.3162685991451326e-08,1.0,,,
,31489,100.0,2.211099037197073e-08,,,,,1.0556749105453491,1.8100966215133667,0.12960152328014374,0.2582491636276245,0.13320335745811462,0.2529628872871399,0.21233193576335907,0.23214879631996155,0.1766461431980133,0.2185320258140564,157451,,,,,2.4654622077941895,7.016374588012695,1114.7379150390625
10.0,31593,,,0.008533954620361328,0.0010000000474974513,4704.0,4705.0,,,,,,,,,,,157979,0.062250375747680664,100.0,2.2402424804113252e-08,1.0,,,
10.0,31909,,,0.008681297302246094,0.0010000000474974513,4704.0,4705.0,,,,,,,,,,,159559,0.06319570541381836,100.0,2.2909267372028808e-08,1.0,,,
,32119,100.0,2.3783568892099538e-08,,,,,1.055793046951294,1.8450087308883667,0.13010425865650177,0.2613651752471924,0.1337406039237976,0.25616708397865295,0.2129736989736557,0.23259824514389038,0.17706647515296936,0.21932648122310638,160601,,,,,2.5717320442199707,7.030623912811279,1130.73583984375
10.0,32229,,,0.00873255729675293,0.0010000000474974513,4704.0,4705.0,,,,,,,,,,,161159,0.06246685981750488,100.0,2.3200698251457652e-08,1.0,,,
10.0,32551,,,0.008642435073852539,0.0010000000474974513,4704.0,4705.0,,,,,,,,,,,162769,0.05279684066772461,100.0,1.3760764971948447e-08,1.0,,,
,32761,100.0,2.2263042964709712e-08,,,,,1.0560580492019653,1.880903959274292,0.13028916716575623,0.2635127305984497,0.13408708572387695,0.2583416998386383,0.21383334696292877,0.23372039198875427,0.17783594131469727,0.22021029889583588,163811,,,,,2.8905417919158936,7.020888805389404,1119.7813720703125
10.0,32877,,,0.0084991455078125,0.0010000000474974513,4704.0,4705.0,,,,,,,,,,,164399,0.062146663665771484,100.0,2.0995935656742404e-08,1.0,,,
10.0,33205,,,0.008514881134033203,0.0010000000474974513,4704.0,4705.0,,,,,,,,,,,166039,0.062050819396972656,100.0,2.2364410767750087e-08,1.0,,,
,33417,100.0,2.279522703929615e-08,,,,,1.056169033050537,1.9164572954177856,0.13080468773841858,0.26749831438064575,0.13461138308048248,0.2623879313468933,0.21444785594940186,0.23414747416973114,0.17824046313762665,0.2209373563528061,167091,,,,,2.9117958545684814,7.029508113861084,1129.4749755859375
10.0,33537,,,0.008635520935058594,0.0010000000474974513,4704.0,4705.0,,,,,,,,,,,167699,0.06340813636779785,100.0,2.225037221137427e-08,1.0,,,
10.0,33873,,,0.008503437042236328,0.0010000000474974513,4704.0,4705.0,,,,,,,,,,,169379,0.06179308891296387,100.0,2.3618845546025113e-08,1.0,,,
,34085,100.0,3.3844423796836054e-06,,,,,1.056415319442749,1.9654549360275269,0.1311129331588745,0.26424387097358704,0.13485592603683472,0.2592794597148895,0.21548600494861603,0.23549605906009674,0.17927664518356323,0.22220221161842346,170431,,,,,3.1880977153778076,8.45693302154541,4707.59765625
10.0,34211,,,0.008520841598510742,0.0010000000474974513,4704.0,4705.0,,,,,,,,,,,171069,0.06233978271484375,100.0,2.560820000496733e-08,1.0,,,
10.0,34553,,,0.009437799453735352,0.0010000000474974513,4704.0,4705.0,,,,,,,,,,,172779,0.0619044303894043,100.0,2.0286357482746098e-08,1.0,,,
,34767,100.0,2.4847938817629256e-08,,,,,1.0564738512039185,1.9892823696136475,0.1317327320575714,0.2730369567871094,0.13553336262702942,0.2680666148662567,0.21592804789543152,0.2357407659292221,0.17945504188537598,0.22262287139892578,173841,,,,,2.975557804107666,7.034844875335693,1135.5186767578125
10.0,34899,,,0.00851130485534668,0.0010000000474974513,4704.0,4705.0,,,,,,,,,,,174509,0.062174081802368164,100.0,1.5326944549087784e-06,1.0000015497207642,,,
10.0,35247,,,0.008559226989746094,0.0010000000474974513,4704.0,4705.0,,,,,,,,,,,176249,0.06316685676574707,100.0,1.8416311604596558e-06,1.0000019073486328,,,
,35463,100.0,1.0023090908362065e-06,,,,,1.0568718910217285,2.023897409439087,0.1316460818052292,0.2725045680999756,0.13545306026935577,0.26755988597869873,0.2170928567647934,0.23758719861507416,0.18059484660625458,0.22390060126781464,177321,,,,,3.421891450881958,7.444183349609375,1709.8883056640625
10.0,35599,,,0.00858759880065918,0.0010000000474974513,4704.0,4705.0,,,,,,,,,,,178009,0.06294679641723633,100.0,4.671546776080504e-07,1.0000004768371582,,,
10.0,35955,,,0.00853109359741211,0.0010000000474974513,4704.0,4705.0,,,,,,,,,,,179789,0.0619204044342041,100.0,4.730103952965692e-08,1.0,,,
,36173,100.0,1.2290922946078808e-08,,,,,1.0573447942733765,2.039999485015869,0.13272154331207275,0.27574393153190613,0.1364251971244812,0.2707001268863678,0.2184327095746994,0.2390689104795456,0.18174783885478973,0.2252930998802185,180871,,,,,3.4856534004211426,7.260350704193115,1422.75537109375
10.0,36315,,,0.00862264633178711,0.0010000000474974513,4704.0,4705.0,,,,,,,,,,,181589,0.062467098236083984,100.0,1.8474397123213748e-08,1.0,,,
10.0,36679,,,0.00859212875366211,0.0010000000474974513,4704.0,4705.0,,,,,,,,,,,183409,0.06212592124938965,100.0,1.2734409082781895e-08,1.0,,,
,36897,100.0,2.6102371819547443e-08,,,,,1.05770742893219,2.0725083351135254,0.13284549117088318,0.2751961052417755,0.1364443153142929,0.27021536231040955,0.21969296038150787,0.24117541313171387,0.18287213146686554,0.22645743191242218,184491,,,,,3.3581295013427734,8.53010368347168,5064.97119140625
10.0,37045,,,0.00905156135559082,0.0010000000474974513,4704.0,4705.0,,,,,,,,,,,185239,0.06431794166564941,100.0,1.338063349010099e-08,1.0,,,
10.0,37415,,,0.008533716201782227,0.0010000000474974513,4704.0,4705.0,,,,,,,,,,,187089,0.06259799003601074,100.0,1.2570740182127338e-06,1.000001311302185,,,
,37635,100.0,1.2987830366739672e-08,,,,,1.0578336715698242,2.101611852645874,0.13425268232822418,0.285285621881485,0.1379905492067337,0.2802276909351349,0.2206210196018219,0.2422812432050705,0.18340007960796356,0.22754445672035217,188181,,,,,3.1668436527252197,7.348366737365723,1553.656982421875
10.0,37789,,,0.009028434753417969,0.0010000000474974513,4704.0,4705.0,,,,,,,,,,,188959,0.06448817253112793,100.0,1.8702476012322222e-08,1.0,,,
10.0,38167,,,0.008736610412597656,0.0010000000474974513,4704.0,4705.0,,,,,,,,,,,190849,0.06327009201049805,100.0,2.0590462668224063e-08,1.0,,,
,38387,100.0,2.2237701458038828e-08,,,,,1.0578820705413818,2.137270212173462,0.13463397324085236,0.2952156066894531,0.1384945958852768,0.29024696350097656,0.2211926430463791,0.24255220592021942,0.18364982306957245,0.22836019098758698,191941,,,,,3.0818278789520264,7.000434875488281,1097.1102294921875
10.0,38549,,,0.008658647537231445,0.0010000000474974513,4704.0,4705.0,,,,,,,,,,,192759,0.06351518630981445,100.0,2.051443814821141e-08,1.0,,,
10.0,38935,,,0.008787870407104492,0.0010000000474974513,4704.0,4705.0,,,,,,,,,,,194689,0.06240224838256836,100.0,4.4792859625886194e-06,1.000004529953003,,,
,39155,100.0,9.74404112952243e-09,,,,,1.0582081079483032,2.180854082107544,0.13477033376693726,0.29580697417259216,0.1386074721813202,0.29085037112236023,0.2220761477947235,0.2443355917930603,0.18441683053970337,0.22932758927345276,195781,,,,,3.1668436527252197,7.442890644073486,1707.6793212890625
10.0,39325,,,0.008689165115356445,0.0010000000474974513,4704.0,4705.0,,,,,,,,,,,196639,0.05380868911743164,100.0,1.4930174074834213e-06,1.0000015497207642,,,
10.0,39719,,,0.00849008560180664,0.0010000000474974513,4704.0,4705.0,,,,,,,,,,,198609,0.051840782165527344,100.0,0.00010900074266828597,1.000109076499939,,,
,39939,100.0,1.0631015179285441e-08,,,,,1.0585483312606812,2.2165417671203613,0.1362909972667694,0.29755404591560364,0.14001008868217468,0.2925627529621124,0.22337807714939117,0.24667757749557495,0.18554067611694336,0.23072513937950134,199701,,,,,3.2093517780303955,7.868436813354492,2613.47705078125
10.0,40117,,,0.008527040481567383,0.0010000000474974513,4704.0,4705.0,,,,,,,,,,,200599,0.05160951614379883,100.0,1.672579053035861e-08,1.0,,,
10.0,40519,,,0.008924245834350586,0.0010000000474974513,4704.0,4705.0,,,,,,,,,,,202609,0.0633702278137207,100.0,3.8409543776651844e-06,1.0000038146972656,,,
,40737,100.0,1.0605672784436138e-08,,,,,1.0587557554244995,2.25492000579834,0.1365954428911209,0.3042116165161133,0.14015744626522064,0.2993868589401245,0.22421129047870636,0.24786092340946198,0.18627478182315826,0.23184292018413544,203691,,,,,3.145589828491211,7.3898844718933105,1619.51904296875
10.0,40925,,,0.008998394012451172,0.0010000000474974513,4704.0,4705.0,,,,,,,,,,,204639,0.06454873085021973,100.0,1.781550196255921e-08,1.0,,,
10.0,41335,,,0.008708715438842773,0.0010000000474974513,4704.0,4705.0,,,,,,,,,,,206689,0.0638430118560791,100.0,1.0675689736672211e-05,1.0000107288360596,,,
,41551,100.0,9.262540956456178e-09,,,,,1.058941125869751,2.2986984252929688,0.1374160349369049,0.30805423855781555,0.14102128148078918,0.3033912777900696,0.2252015769481659,0.24933162331581116,0.18700522184371948,0.23295027017593384,207761,,,,,3.4856534004211426,7.734597682952881,2286.088623046875
10.0,41749,,,0.008828878402709961,0.0010000000474974513,4704.0,4705.0,,,,,,,,,,,208759,0.05368757247924805,100.0,1.0044336562486933e-07,1.0000001192092896,,,
10.0,42167,,,0.008587360382080078,0.0010000000474974513,4704.0,4705.0,,,,,,,,,,,210849,0.062300682067871094,100.0,2.265584342353577e-08,1.0,,,
,42383,100.0,1.4102883305611158e-08,,,,,1.059262752532959,2.3227615356445312,0.13855630159378052,0.31535977125167847,0.14230746030807495,0.31071245670318604,0.22644305229187012,0.2513367235660553,0.18800514936447144,0.2343224734067917,211921,,,,,3.3156216144561768,7.0735979080200195,1180.3873291015625
10.0,42589,,,0.008782386779785156,0.0010000000474974513,4704.0,4705.0,,,,,,,,,,,212959,0.05606579780578613,100.0,1.9716161148153333e-08,1.0,,,
10.0,43015,,,0.00870513916015625,0.0010000000474974513,4704.0,4705.0,,,,,,,,,,,215089,0.06754517555236816,100.0,2.0400396039121915e-08,1.0,,,
,43231,100.0,2.7103384425686272e-08,,,,,1.0592951774597168,2.3643598556518555,0.13900822401046753,0.3240465223789215,0.14281229674816132,0.3195113241672516,0.2270967662334442,0.25163742899894714,0.18822583556175232,0.23523357510566711,216161,,,,,3.103081703186035,6.934901237487793,1027.517822265625
10.0,43445,,,0.008632421493530273,0.0010000000474974513,4704.0,4705.0,,,,,,,,,,,217239,0.051854610443115234,100.0,2.0349713025780147e-08,1.0,,,
10.0,43879,,,0.008742570877075195,0.0010000000474974513,4704.0,4705.0,,,,,,,,,,,219409,0.06311798095703125,100.0,2.064114568156583e-08,1.0,,,
,44095,100.0,2.0666490740950394e-08,,,,,1.0593781471252441,2.4110279083251953,0.13926033675670624,0.32862111926078796,0.14311432838439941,0.32420653104782104,0.22770164906978607,0.25208503007888794,0.1885717511177063,0.2359628975391388,220481,,,,,3.0605738162994385,6.938215732574463,1030.92919921875
10.0,44317,,,0.008915185928344727,0.0010000000474974513,4704.0,4705.0,,,,,,,,,,,221599,0.0635521411895752,100.0,1.0970589414682763e-07,1.0000001192092896,,,
10.0,44761,,,0.008654356002807617,0.0010000000474974513,4704.0,4705.0,,,,,,,,,,,223819,0.0523684024810791,100.0,1.98935552475632e-08,1.0,,,
,44977,100.0,2.2301055224716038e-08,,,,,1.0596147775650024,2.4558253288269043,0.13972246646881104,0.33246535062789917,0.14357323944568634,0.3281092345714569,0.22855395078659058,0.25406625866889954,0.18923810124397278,0.23705381155014038,224891,,,,,2.954303741455078,6.957714557647705,1051.228271484375
10.0,45209,,,0.010125875473022461,0.0010000000474974513,4704.0,4705.0,,,,,,,,,,,226059,0.06897544860839844,100.0,2.0273684953053817e-08,1.0,,,
10.0,45661,,,0.008550405502319336,0.0010000000474974513,4704.0,4705.0,,,,,,,,,,,228319,0.062203168869018555,100.0,2.0261015976075214e-08,1.0,,,
,45877,100.0,2.1147990025838226e-08,,,,,1.0597208738327026,2.5051498413085938,0.13989582657814026,0.33688023686408997,0.14378197491168976,0.3326205015182495,0.22912217676639557,0.25449874997138977,0.18964985013008118,0.23776638507843018,229391,,,,,3.124335765838623,6.962027549743652,1055.77197265625
10.0,46117,,,0.008659839630126953,0.0010000000474974513,4704.0,4705.0,,,,,,,,,,,230599,0.06313252449035645,100.0,1.2338748092588503e-05,1.0000123977661133,,,
10.0,46579,,,0.008819580078125,0.0010000000474974513,4704.0,4705.0,,,,,,,,,,,232909,0.06674814224243164,100.0,2.49568614663076e-07,1.0000003576278687,,,
,46795,100.0,1.297515961340423e-08,,,,,1.060074806213379,2.5497703552246094,0.14025653898715973,0.3356700539588928,0.1440213918685913,0.33133864402770996,0.2303563952445984,0.2571544051170349,0.19090227782726288,0.23902279138565063,233981,,,,,2.954303741455078,7.211996078491211,1355.595458984375
10.0,47045,,,0.00858759880065918,0.0010000000474974513,4704.0,4705.0,,,,,,,,,,,235239,0.06237196922302246,100.0,1.589834539572621e-07,1.0000001192092896,,,
10.0,47515,,,0.008653640747070312,0.0010000000474974513,4704.0,4705.0,,,,,,,,,,,237589,0.0632174015045166,99.95748138427734,0.0008097247336991131,1.0008100271224976,,,
,47731,100.0,1.2747080724295756e-08,,,,,1.0605674982070923,2.577559471130371,0.14015445113182068,0.33198466897010803,0.1440260410308838,0.32769858837127686,0.23171086609363556,0.2610945701599121,0.19246529042720795,0.24051879346370697,238661,,,,,3.6131772994995117,8.573325157165527,5288.6865234375
10.0,47991,,,0.009282827377319336,0.0010000000474974513,4704.0,4705.0,,,,,,,,,,,239969,0.06484627723693848,100.0,5.058247438682884e-07,1.0000005960464478,,,
10.0,48471,,,0.008476495742797852,0.0010000000474974513,4704.0,4705.0,,,,,,,,,,,242369,0.06234383583068848,100.0,1.7422699727376312e-08,1.0,,,
,48685,100.0,2.0476424111848246e-08,,,,,1.0606404542922974,2.60740065574646,0.14133355021476746,0.34786924719810486,0.14531157910823822,0.34358832240104675,0.23259276151657104,0.26173558831214905,0.19288668036460876,0.24174271523952484,243431,,,,,3.145589828491211,6.974567413330078,1069.0946044921875
10.0,48955,,,0.008506059646606445,0.0010000000474974513,4704.0,4705.0,,,,,,,,,,,244789,0.06205010414123535,100.0,2.0527107125190014e-08,1.0,,,
10.0,49445,,,0.008540868759155273,0.0010000000474974513,4704.0,4705.0,,,,,,,,,,,247239,0.06233072280883789,100.0,1.008615857500672e-08,1.0,,,
,49659,100.0,1.1460601854196284e-06,,,,,1.0608803033828735,2.6636533737182617,0.14115683734416962,0.34388595819473267,0.14497894048690796,0.3396773040294647,0.23401954770088196,0.26494038105010986,0.19413773715496063,0.24311479926109314,248301,,,,,3.7619552612304688,8.704995155334473,6032.97314453125
10.0,49939,,,0.008542060852050781,0.0010000000474974513,4704.0,4705.0,,,,,,,,,,,249709,0.06227612495422363,100.0,2.538879471103428e-06,1.0000025033950806,,,
10.0,50439,,,0.008544445037841797,0.0010000000474974513,4704.0,4705.0,,,,,,,,,,,252209,0.06241798400878906,100.0,1.4837803874456768e-08,1.0,,,
,50653,100.0,3.0247732865973376e-05,,,,,1.0612596273422241,2.688812732696533,0.14209714531898499,0.3482867181301117,0.1458081752061844,0.34396982192993164,0.23617900907993317,0.26905500888824463,0.19608110189437866,0.24515379965305328,253271,,,,,3.421891450881958,8.788710594177246,6559.7685546875
10.0,50943,,,0.008563995361328125,0.0010000000474974513,4704.0,4705.0,,,,,,,,,,,254729,0.05209946632385254,100.0,1.3735422577099143e-08,1.0,,,
10.0,51453,,,0.00889277458190918,0.0010000000474974513,4704.0,4705.0,,,,,,,,,,,257279,0.06354045867919922,100.0,1.9260001593579545e-08,1.0,,,
,51667,100.0,2.1870240729526813e-08,,,,,1.061201572418213,2.722339153289795,0.1432606726884842,0.3654772937297821,0.1470990926027298,0.36143758893013,0.2367362231016159,0.26918286085128784,0.19608867168426514,0.2460632026195526,258341,,,,,3.27311372756958,6.901363849639893,993.62890625
10.0,51967,,,0.008633613586425781,0.0010000000474974513,4704.0,4705.0,,,,,,,,,,,259849,0.06269526481628418,100.0,2.0729844507627604e-08,1.0,,,
10.0,52487,,,0.008605241775512695,0.0010000000474974513,4704.0,4705.0,,,,,,,,,,,262449,0.06250524520874023,99.46853637695312,0.007156969979405403,1.0071827173233032,,,
,52701,100.0,4.992395119529647e-08,,,,,1.0614675283432007,2.782029151916504,0.14374424517154694,0.3595537543296814,0.14753851294517517,0.3554817736148834,0.23822614550590515,0.2725072503089905,0.19737976789474487,0.24745239317417145,263511,,,,,3.698193311691284,8.965218544006348,7826.091796875
10.0,53011,,,0.008636474609375,0.0010000000474974513,4704.0,4705.0,,,,,,,,,,,265069,0.06162118911743164,100.0,1.525594939266739e-08,1.0,,,
10.0,53541,,,0.00849151611328125,0.0010000000474974513,4704.0,4705.0,,,,,,,,,,,267719,0.06216001510620117,100.0,8.831995614855259e-07,1.0000008344650269,,,
,53755,100.0,1.0339580747142918e-08,,,,,1.0617854595184326,2.8185009956359863,0.14417293667793274,0.3704661726951599,0.14791330695152283,0.3664286136627197,0.23934513330459595,0.2754230201244354,0.19830532371997833,0.24878865480422974,268781,,,,,3.6769392490386963,7.321697235107422,1512.769287109375
10.0,54077,,,0.008836507797241211,0.0010000000474974513,4704.0,4705.0,,,,,,,,,,,270399,0.06453871726989746,100.0,8.74302763520518e-09,1.0,,,
10.0,54617,,,0.008618593215942383,0.0010000000474974513,4704.0,4705.0,,,,,,,,,,,273099,0.062369585037231445,100.0,1.9044595234163353e-08,1.0,,,
,54831,100.0,3.259233665175998e-07,,,,,1.0620336532592773,2.8683295249938965,0.14457467198371887,0.3760862350463867,0.14836309850215912,0.37196245789527893,0.24060754477977753,0.27908048033714294,0.1991715431213379,0.25006258487701416,274161,,,,,3.570669412612915,8.397250175476074,4434.85498046875
10.0,55163,,,0.008838176727294922,0.0010000000474974513,4704.0,4705.0,,,,,,,,,,,275829,0.06078219413757324,100.0,2.886953893721511e-07,1.0000003576278687,,,
10.0,55715,,,0.008580446243286133,0.0010000000474974513,4704.0,4705.0,,,,,,,,,,,278589,0.06238675117492676,100.0,6.493852197309025e-06,1.0000065565109253,,,
,55927,100.0,8.857067079759418e-09,,,,,1.0623865127563477,2.9050209522247314,0.1454828977584839,0.382391095161438,0.1493937224149704,0.37835827469825745,0.24205608665943146,0.2826809585094452,0.20028281211853027,0.2513766586780548,279641,,,,,3.421891450881958,7.6556396484375,2112.52587890625
10.0,56273,,,0.008478164672851562,0.0010000000474974513,4704.0,4705.0,,,,,,,,,,,281379,0.06200242042541504,100.0,1.2582356490042912e-08,1.0,,,
10.0,56835,,,0.008579492568969727,0.0010000000474974513,4704.0,4705.0,,,,,,,,,,,284189,0.0625460147857666,100.0,1.1049158921139224e-08,1.0,,,
,57045,100.0,1.4356304589568936e-08,,,,,1.0628875494003296,2.936293601989746,0.146342471241951,0.3919540047645569,0.1502140909433365,0.3879910409450531,0.24362191557884216,0.2869330942630768,0.2014845907688141,0.25293365120887756,285231,,,,,3.464399576187134,6.984899044036865,1080.1973876953125
10.0,57403,,,0.008535146713256836,0.0010000000474974513,4704.0,4705.0,,,,,,,,,,,287029,0.0619964599609375,100.0,1.3063856663109163e-08,1.0,,,
10.0,57977,,,0.008524656295776367,0.0010000000474974513,4704.0,4705.0,,,,,,,,,,,289899,0.06251907348632812,100.0,2.0400397815478755e-08,1.0,,,
,58185,100.0,5.1558508573634754e-08,,,,,1.0632163286209106,2.991119623184204,0.14705434441566467,0.39518314599990845,0.1508747637271881,0.39137035608291626,0.24493879079818726,0.2908655107021332,0.2024286985397339,0.2544490098953247,290931,,,,,3.910733222961426,8.331541061401367,4152.81201171875
10.0,58557,,,0.008611679077148438,0.0010000000474974513,4704.0,4705.0,,,,,,,,,,,292799,0.062259674072265625,100.0,2.4645197882477987e-08,1.0,,,
10.0,59143,,,0.008732795715332031,0.0010000000474974513,4704.0,4705.0,,,,,,,,,,,295729,0.06379199028015137,100.0,1.4457672392609311e-08,1.0,,,
,59349,100.0,2.110997598947506e-08,,,,,1.0634453296661377,3.029738664627075,0.14763572812080383,0.409736305475235,0.1514732837677002,0.4061034619808197,0.2460566759109497,0.29444557428359985,0.2033238708972931,0.25565508008003235,296751,,,,,3.3368756771087646,6.8325066566467285,927.5128173828125
10.0,59735,,,0.008503437042236328,0.0010000000474974513,4704.0,4705.0,,,,,,,,,,,298689,0.06188702583312988,100.0,2.0248343446382933e-08,1.0,,,
10.0,60333,,,0.008726358413696289,0.0010000000474974513,4704.0,4705.0,,,,,,,,,,,301679,0.06173539161682129,100.0,1.9716161148153333e-08,1.0,,,
,60535,100.0,9.3512348087188e-08,,,,,1.0636439323425293,3.088710069656372,0.14817699790000916,0.4080132842063904,0.15164241194725037,0.40446463227272034,0.24755191802978516,0.30005189776420593,0.2043892741203308,0.25721970200538635,302681,,,,,3.6344313621520996,8.50097370147705,4919.556640625
10.0,60937,,,0.008741140365600586,0.0010000000474974513,4704.0,4705.0,,,,,,,,,,,304699,0.05298900604248047,100.0,8.920421734615047e-09,1.0,,,
10.0,61547,,,0.008774995803833008,0.0010000000474974513,4704.0,4705.0,,,,,,,,,,,307749,0.06261253356933594,100.0,1.9526094519051185e-08,1.0,,,
,61745,100.0,1.995691079059725e-08,,,,,1.0637966394424438,3.131648540496826,0.14887188374996185,0.42589545249938965,0.15262460708618164,0.42260703444480896,0.24845433235168457,0.30147290229797363,0.2049611657857895,0.2583940625190735,308731,,,,,3.251859664916992,6.805798530578613,903.068603515625
10.0,62163,,,0.008710145950317383,0.0010000000474974513,4704.0,4705.0,,,,,,,,,,,310829,0.05375266075134277,100.0,2.0818541557332537e-08,1.0,,,
10.0,62785,,,0.008532285690307617,0.0010000000474974513,4704.0,4705.0,,,,,,,,,,,313939,0.06240963935852051,99.91496276855469,0.0019985558465123177,1.0020005702972412,,,
,62979,100.0,1.600354160302686e-08,,,,,1.064263939857483,3.1924920082092285,0.1489599198102951,0.42047297954559326,0.1528465747833252,0.41710788011550903,0.2497062087059021,0.30616748332977295,0.20625223219394684,0.25981786847114563,314901,,,,,4.335813045501709,8.449516296386719,4672.8115234375
10.0,63413,,,0.008470296859741211,0.0010000000474974513,4704.0,4705.0,,,,,,,,,,,317079,0.06209874153137207,100.0,2.8044664190929325e-07,1.0000003576278687,,,
10.0,64047,,,0.008498907089233398,0.0010000000474974513,4704.0,4705.0,,,,,,,,,,,320249,0.051683664321899414,100.0,6.321141654552775e-07,1.0000005960464478,,,
,64239,100.0,1.0707041475654933e-08,,,,,1.0645320415496826,3.2378146648406982,0.14922338724136353,0.4304080903530121,0.15308044850826263,0.42714786529541016,0.2512568235397339,0.3120149075984955,0.20740504562854767,0.2614898681640625,321201,,,,,3.740701198577881,7.25897741317749,1420.8028564453125
10.0,64687,,,0.008554458618164062,0.0010000000474974513,4704.0,4705.0,,,,,,,,,,,323449,0.06266403198242188,100.0,4.7602273411939677e-07,1.0000004768371582,,,
10.0,65333,,,0.008626461029052734,0.0010000000474974513,4704.0,4705.0,,,,,,,,,,,326679,0.06333613395690918,100.0,9.82006742589192e-09,1.0,,,
,65523,100.0,2.18993207568019e-07,,,,,1.0651192665100098,3.295180320739746,0.1508772075176239,0.433894544839859,0.15469160676002502,0.43084001541137695,0.2528856694698334,0.31972572207450867,0.2088608741760254,0.2633216679096222,327621,,,,,3.9532411098480225,8.910009384155273,7405.73095703125
